log_downloads,maintainer_count,age_days,days_since_update,vuln_count,malware_reports,verified_flags,has_install_script,install_script_kb,has_preinstall,has_postinstall,maintainer_change_count,maintainer_velocity,domain_age_days,executable_binary_count,network_code_files,log_total_files,entropy_max_file,dependency_delta,log_version_count,days_between_versions,log_stars,log_forks,namespace_age_days,download_star_anomaly,label
18.199810,2.000000,6108.738437,195.298443,0.000000,0.000000,0.000000,1.000000,0.000000,0.000000,0.000000,0.000000,0.000000,0.000000,0.000000,0.000000,0.000000,0.000000,0.000000,3.806662,205.567358,0.000000,0.000000,6108.738437,0.000000,0.000000
3.891820,1.000000,1722.942792,1396.875329,0.000000,1.000000,0.000000,1.000000,0.018555,0.000000,1.000000,0.000000,0.000000,0.000000,0.000000,0.000000,0.000000,0.000000,0.000000,0.693147,30.000000,0.000000,0.000000,1722.942792,0.000000,1.000000
18.264132,1.000000,3031.560932,5.515030,0.000000,0.000000,0.000000,1.000000,0.000000,0.000000,0.000000,0.000000,0.000000,0.000000,0.000000,0.000000,0.000000,0.000000,0.000000,4.060443,37.688868,0.000000,0.000000,3031.560932,0.000000,0.000000
16.693584,1.000000,5675.959591,397.428210,0.000000,0.000000,0.000000,1.000000,0.000000,0.000000,0.000000,0.000000,0.000000,0.000000,0.000000,0.000000,0.000000,0.000000,0.000000,3.850148,298.955985,0.000000,0.000000,5675.959591,0.000000,0.000000
20.350443,4.000000,5207.398219,60.984316,0.000000,0.000000,0.000000,0.000000,0.000000,0.000000,0.000000,0.000000,0.000000,0.000000,0.000000,0.000000,0.000000,0.000000,0.000000,5.159055,137.788665,0.000000,0.000000,5207.398219,0.000000,0.000000
15.152708,1.000000,5048.101116,127.626991,0.000000,0.000000,0.000000,1.000000,0.000000,0.000000,0.000000,0.000000,0.000000,0.000000,0.000000,0.000000,0.000000,0.000000,0.000000,3.433987,258.290739,0.000000,0.000000,5048.101116,0.000000,0.000000
17.629373,1.000000,6158.303000,62.312310,0.000000,0.000000,0.000000,1.000000,0.000000,0.000000,0.000000,0.000000,0.000000,0.000000,0.000000,0.000000,0.000000,0.000000,0.000000,5.411646,15.882412,0.000000,0.000000,6158.303000,0.000000,0.000000
20.712360,2.000000,3934.897500,15.080617,0.000000,0.000000,0.000000,0.000000,0.000000,0.000000,0.000000,0.000000,0.000000,0.000000,0.000000,0.000000,0.000000,0.000000,0.000000,5.880533,156.724545,0.000000,0.000000,3934.897500,0.000000,0.000000
16.171493,1.000000,4009.028633,347.501626,0.000000,0.000000,0.000000,1.000000,0.000000,0.000000,0.000000,0.000000,0.000000,0.000000,0.000000,0.000000,0.000000,0.000000,0.000000,3.988984,170.179551,0.000000,0.000000,4009.028633,0.000000,0.000000
19.355882,1.000000,5221.537741,3.016371,0.000000,0.000000,0.000000,0.000000,0.000000,0.000000,0.000000,0.000000,0.000000,0.000000,0.000000,0.000000,0.000000,0.000000,0.000000,4.955827,10.671213,0.000000,0.000000,5221.537741,0.000000,0.000000
18.221338,2.000000,5536.042692,16.349162,0.000000,0.000000,0.000000,0.000000,0.000000,0.000000,0.000000,0.000000,0.000000,0.000000,0.000000,0.000000,0.000000,0.000000,0.000000,4.025352,339.490568,0.000000,0.000000,5536.042692,0.000000,0.000000
19.788426,1.000000,4283.603469,1361.804135,0.000000,0.000000,0.000000,0.000000,0.000000,0.000000,0.000000,0.000000,0.000000,0.000000,0.000000,0.000000,0.000000,0.000000,0.000000,2.890372,324.500487,0.000000,0.000000,4283.603469,0.000000,0.000000
19.739681,1.000000,2309.172617,16.112801,0.000000,0.000000,0.000000,1.000000,0.000000,0.000000,0.000000,0.000000,0.000000,0.000000,0.000000,0.000000,0.000000,0.000000,0.000000,5.327876,33.282357,0.000000,0.000000,2309.172617,0.000000,0.000000
4.795791,1.000000,400.785709,400.785684,0.000000,1.000000,0.000000,0.000000,0.000000,0.000000,0.000000,0.000000,0.000000,0.000000,0.000000,0.000000,0.000000,0.000000,0.000000,0.693147,30.000000,0.000000,0.000000,400.785709,0.000000,1.000000
19.486370,1.000000,2646.494059,6.074409,0.000000,0.000000,0.000000,1.000000,0.000000,0.000000,0.000000,0.000000,0.000000,0.000000,0.000000,0.000000,0.000000,0.000000,0.000000,5.659482,1.337643,0.000000,0.000000,2646.494059,0.000000,0.000000
18.398392,1.000000,1178.735364,151.988957,0.000000,0.000000,0.000000,1.000000,0.000000,0.000000,0.000000,0.000000,0.000000,0.000000,0.000000,0.000000,0.000000,0.000000,0.000000,2.944439,91.975396,0.000000,0.000000,1178.735364,0.000000,0.000000
17.329828,2.000000,4732.764498,3.393531,0.000000,0.000000,0.000000,1.000000,0.015625,0.000000,1.000000,0.000000,0.000000,0.000000,0.000000,0.000000,0.000000,0.000000,0.000000,6.894670,6.484227,0.000000,0.000000,4732.764498,0.000000,0.000000
19.415573,1.000000,4588.001212,7.274006,0.000000,0.000000,0.000000,0.000000,0.000000,0.000000,0.000000,0.000000,0.000000,0.000000,0.000000,0.000000,0.000000,0.000000,0.000000,3.401197,365.000000,0.000000,0.000000,4588.001212,0.000000,0.000000
18.027671,1.000000,3533.628492,36.364631,0.000000,0.000000,0.000000,1.000000,0.000000,0.000000,0.000000,0.000000,0.000000,0.000000,0.000000,0.000000,0.000000,0.000000,0.000000,4.060443,290.883907,0.000000,0.000000,3533.628492,0.000000,0.000000
14.236274,1.000000,4477.823783,7.806212,0.000000,0.000000,0.000000,0.000000,0.000000,0.000000,0.000000,0.000000,0.000000,0.000000,0.000000,0.000000,0.000000,0.000000,0.000000,5.093750,2.020508,0.000000,0.000000,4477.823783,0.000000,0.000000
16.395683,2.000000,1528.951051,8.055684,0.000000,0.000000,0.000000,1.000000,0.000000,0.000000,0.000000,0.000000,0.000000,0.000000,0.000000,0.000000,0.000000,0.000000,0.000000,4.094345,22.985909,0.000000,0.000000,1528.951051,0.000000,0.000000
18.027509,1.000000,4738.061068,147.811886,0.000000,0.000000,0.000000,1.000000,0.000000,0.000000,0.000000,0.000000,0.000000,0.000000,0.000000,0.000000,0.000000,0.000000,0.000000,4.204693,219.774425,0.000000,0.000000,4738.061068,0.000000,0.000000
18.954384,2.000000,3823.798457,144.848831,0.000000,0.000000,0.000000,0.000000,0.000000,0.000000,0.000000,0.000000,0.000000,0.000000,0.000000,0.000000,0.000000,0.000000,2.000000,4.859812,130.938618,0.000000,0.000000,3823.798457,0.000000,0.000000
19.484738,1.000000,2812.286493,11.911925,0.000000,0.000000,0.000000,1.000000,0.000000,0.000000,0.000000,0.000000,0.000000,0.000000,0.000000,0.000000,0.000000,0.000000,0.000000,5.252273,28.570675,0.000000,0.000000,2812.286493,0.000000,0.000000
18.668082,2.000000,5353.378415,0.856441,0.000000,0.000000,0.000000,0.000000,0.000000,0.000000,0.000000,0.000000,0.000000,0.000000,0.000000,0.000000,0.000000,0.000000,0.000000,8.207674,0.499679,0.000000,0.000000,5353.378415,0.000000,0.000000
17.732420,2.000000,5373.309545,74.143330,0.000000,0.000000,0.000000,0.000000,0.000000,0.000000,0.000000,0.000000,0.000000,0.000000,0.000000,0.000000,0.000000,0.000000,0.000000,4.882802,162.248673,0.000000,0.000000,5373.309545,0.000000,0.000000
16.602852,1.000000,4001.962086,10.556567,0.000000,0.000000,0.000000,1.000000,0.000000,0.000000,0.000000,0.000000,0.000000,0.000000,0.000000,0.000000,0.000000,0.000000,0.000000,3.931826,58.537050,0.000000,0.000000,4001.962086,0.000000,0.000000
17.002425,2.000000,5344.915165,1363.570545,0.000000,1.000000,0.000000,0.000000,0.000000,0.000000,0.000000,0.000000,0.000000,0.000000,0.000000,0.000000,0.000000,0.000000,2.000000,3.401197,137.056383,0.000000,0.000000,5344.915165,0.000000,1.000000
15.595397,1.000000,4890.519601,121.066695,0.000000,0.000000,0.000000,1.000000,0.000000,0.000000,0.000000,0.000000,0.000000,0.000000,0.000000,0.000000,0.000000,0.000000,0.000000,3.433987,205.060759,0.000000,0.000000,4890.519601,0.000000,0.000000
17.528144,1.000000,6157.368700,113.105812,0.000000,0.000000,0.000000,1.000000,0.000000,0.000000,0.000000,0.000000,0.000000,0.000000,0.000000,0.000000,0.000000,0.000000,0.000000,3.761200,71.776911,0.000000,0.000000,6157.368700,0.000000,0.000000
16.614072,5.000000,5493.039408,142.375622,0.000000,0.000000,0.000000,1.000000,0.013672,0.000000,0.000000,0.000000,0.000000,0.000000,0.000000,0.000000,0.000000,0.000000,0.000000,4.025352,365.000000,0.000000,0.000000,5493.039408,0.000000,0.000000
6.862758,1.000000,3153.543524,1401.090594,0.000000,1.000000,0.000000,0.000000,0.000000,0.000000,0.000000,0.000000,0.000000,0.000000,0.000000,0.000000,0.000000,0.000000,0.000000,1.386294,0.553219,0.000000,0.000000,3153.543524,0.000000,1.000000
19.019327,1.000000,6903.759774,89.127121,0.000000,0.000000,0.000000,1.000000,0.000000,0.000000,0.000000,0.000000,0.000000,0.000000,0.000000,0.000000,0.000000,0.000000,0.000000,4.574711,53.262670,0.000000,0.000000,6903.759774,0.000000,0.000000
15.494707,2.000000,4288.122965,1303.899876,0.000000,1.000000,0.000000,0.000000,0.000000,0.000000,0.000000,0.000000,0.000000,0.000000,0.000000,0.000000,0.000000,0.000000,0.000000,3.713572,36.858060,0.000000,0.000000,4288.122965,0.000000,1.000000
17.337057,2.000000,5315.125177,294.207386,0.000000,0.000000,0.000000,0.000000,0.000000,0.000000,0.000000,0.000000,0.000000,0.000000,0.000000,0.000000,0.000000,0.000000,0.000000,5.613128,104.788352,0.000000,0.000000,5315.125177,0.000000,0.000000
16.184012,9.000000,5422.122928,0.056234,0.000000,0.000000,0.000000,0.000000,0.000000,0.000000,0.000000,0.000000,0.000000,0.000000,0.000000,0.000000,0.000000,0.000000,0.000000,6.442540,129.795749,0.000000,0.000000,5422.122928,0.000000,0.000000
1.386294,1.000000,794.352746,794.352725,0.000000,1.000000,0.000000,0.000000,0.000000,0.000000,0.000000,0.000000,0.000000,0.000000,0.000000,0.000000,0.000000,0.000000,0.000000,0.693147,30.000000,0.000000,0.000000,794.352746,0.000000,1.000000
18.384418,1.000000,4289.772882,420.115727,0.000000,0.000000,0.000000,0.000000,0.000000,0.000000,0.000000,0.000000,0.000000,0.000000,0.000000,0.000000,0.000000,0.000000,0.000000,5.375278,28.723039,0.000000,0.000000,4289.772882,0.000000,0.000000
9.249850,1.000000,3153.656041,1095.863502,0.000000,1.000000,0.000000,0.000000,0.000000,0.000000,0.000000,0.000000,0.000000,0.000000,0.000000,0.000000,0.000000,0.000000,0.000000,1.609438,0.368792,0.000000,0.000000,3153.656041,0.000000,1.000000
18.037690,6.000000,4409.300501,29.880209,0.000000,0.000000,0.000000,0.000000,0.000000,0.000000,0.000000,0.000000,0.000000,0.000000,0.000000,0.000000,0.000000,0.000000,0.000000,4.727388,115.486884,0.000000,0.000000,4409.300501,0.000000,0.000000
8.536015,1.000000,2343.261105,1397.056238,0.000000,0.000000,0.000000,0.000000,0.000000,0.000000,0.000000,0.000000,0.000000,0.000000,0.000000,0.000000,0.000000,0.000000,0.000000,0.693147,30.000000,0.000000,0.000000,2343.261105,0.000000,0.000000
7.597396,1.000000,3153.543119,1409.699134,0.000000,1.000000,0.000000,0.000000,0.000000,0.000000,0.000000,0.000000,0.000000,0.000000,0.000000,0.000000,0.000000,0.000000,0.000000,1.386294,0.553198,0.000000,0.000000,3153.543119,0.000000,1.000000
18.121162,1.000000,3008.005898,16.910000,0.000000,0.000000,0.000000,1.000000,0.000000,0.000000,0.000000,0.000000,0.000000,0.000000,0.000000,0.000000,0.000000,0.000000,0.000000,3.761200,65.878018,0.000000,0.000000,3008.005898,0.000000,0.000000
19.602666,4.000000,4452.932616,297.214930,0.000000,0.000000,0.000000,0.000000,0.000000,0.000000,0.000000,0.000000,0.000000,0.000000,0.000000,0.000000,0.000000,0.000000,0.000000,3.637586,365.000000,0.000000,0.000000,4452.932616,0.000000,0.000000
16.692646,1.000000,1798.175828,28.142032,0.000000,0.000000,0.000000,0.000000,0.000000,0.000000,0.000000,0.000000,0.000000,0.000000,0.000000,0.000000,0.000000,0.000000,-1.000000,4.890349,14.993429,0.000000,0.000000,1798.175828,0.000000,0.000000
18.468234,1.000000,2914.941070,1.096940,0.000000,0.000000,0.000000,1.000000,0.000000,0.000000,0.000000,0.000000,0.000000,0.000000,0.000000,0.000000,0.000000,0.000000,0.000000,4.262680,29.164414,0.000000,0.000000,2914.941070,0.000000,0.000000
20.138594,6.000000,4905.187538,0.533748,0.000000,0.000000,0.000000,0.000000,0.000000,0.000000,0.000000,0.000000,0.000000,0.000000,0.000000,0.000000,0.000000,0.000000,0.000000,8.226841,0.749013,0.000000,0.000000,4905.187538,0.000000,0.000000
14.828876,6.000000,3236.869221,297.001252,0.000000,1.000000,0.000000,0.000000,0.000000,0.000000,0.000000,0.000000,0.000000,0.000000,0.000000,0.000000,0.000000,0.000000,0.000000,2.079442,263.665920,0.000000,0.000000,3236.869221,0.000000,1.000000
19.155159,1.000000,3446.824590,33.270266,0.000000,0.000000,0.000000,1.000000,0.000000,0.000000,0.000000,0.000000,0.000000,0.000000,0.000000,0.000000,0.000000,0.000000,0.000000,4.770685,22.259638,0.000000,0.000000,3446.824590,0.000000,0.000000
20.288389,1.000000,4506.005891,4.906956,0.000000,0.000000,0.000000,0.000000,0.000000,0.000000,0.000000,0.000000,0.000000,0.000000,0.000000,0.000000,0.000000,0.000000,0.000000,5.609472,69.421505,0.000000,0.000000,4506.005891,0.000000,0.000000
17.570886,1.000000,2853.130136,30.544660,0.000000,0.000000,0.000000,1.000000,0.000000,0.000000,0.000000,0.000000,0.000000,0.000000,0.000000,0.000000,0.000000,0.000000,0.000000,4.143135,149.271505,0.000000,0.000000,2853.130136,0.000000,0.000000
18.447006,2.000000,3195.978457,44.854140,0.000000,0.000000,0.000000,0.000000,0.000000,0.000000,0.000000,0.000000,0.000000,0.000000,0.000000,0.000000,0.000000,0.000000,0.000000,5.743003,10.492796,0.000000,0.000000,3195.978457,0.000000,0.000000
17.831169,3.000000,5232.872772,1.534653,0.000000,0.000000,0.000000,0.000000,0.000000,0.000000,0.000000,0.000000,0.000000,0.000000,0.000000,0.000000,0.000000,0.000000,0.000000,5.442418,6.867852,0.000000,0.000000,5232.872772,0.000000,0.000000
19.133586,1.000000,6138.960033,26.298286,0.000000,0.000000,0.000000,1.000000,0.000000,0.000000,0.000000,0.000000,0.000000,0.000000,0.000000,0.000000,0.000000,0.000000,0.000000,5.220356,15.747215,0.000000,0.000000,6138.960033,0.000000,0.000000
20.452488,3.000000,5232.093550,58.128382,0.000000,0.000000,0.000000,0.000000,0.000000,0.000000,0.000000,0.000000,0.000000,0.000000,0.000000,0.000000,0.000000,0.000000,-1.000000,4.025352,365.000000,0.000000,0.000000,5232.093550,0.000000,0.000000
12.222389,1.000000,4675.256944,1445.226537,0.000000,0.000000,0.000000,1.000000,0.000000,0.000000,0.000000,0.000000,0.000000,0.000000,0.000000,0.000000,0.000000,0.000000,0.000000,5.056246,109.022379,0.000000,0.000000,4675.256944,0.000000,0.000000
18.599984,6.000000,4049.818818,3.428251,0.000000,0.000000,0.000000,0.000000,0.000000,0.000000,0.000000,0.000000,0.000000,0.000000,0.000000,0.000000,0.000000,0.000000,0.000000,5.652489,30.703588,0.000000,0.000000,4049.818818,0.000000,0.000000
17.670687,2.000000,5552.633438,74.141333,0.000000,0.000000,0.000000,0.000000,0.000000,0.000000,0.000000,0.000000,0.000000,0.000000,0.000000,0.000000,0.000000,0.000000,0.000000,5.087596,138.082066,0.000000,0.000000,5552.633438,0.000000,0.000000
11.288494,1.000000,4197.962281,3534.000028,0.000000,0.000000,0.000000,1.000000,0.000000,0.000000,0.000000,0.000000,0.000000,0.000000,0.000000,0.000000,0.000000,0.000000,0.000000,2.302585,118.663767,0.000000,0.000000,4197.962281,0.000000,0.000000
20.107315,1.000000,5506.465360,19.795894,0.000000,0.000000,0.000000,0.000000,0.000000,0.000000,0.000000,0.000000,0.000000,0.000000,0.000000,0.000000,0.000000,0.000000,0.000000,4.465908,141.057945,0.000000,0.000000,5506.465360,0.000000,0.000000
18.378957,1.000000,5471.412108,179.300733,0.000000,1.000000,0.000000,0.000000,0.000000,0.000000,0.000000,0.000000,0.000000,0.000000,0.000000,0.000000,0.000000,0.000000,0.000000,3.295837,122.516759,0.000000,0.000000,5471.412108,0.000000,1.000000
11.488868,1.000000,3338.116561,2728.013944,0.000000,0.000000,0.000000,1.000000,0.000000,0.000000,0.000000,0.000000,0.000000,0.000000,0.000000,0.000000,0.000000,0.000000,0.000000,2.833213,116.281476,0.000000,0.000000,3338.116561,0.000000,0.000000
7.409742,1.000000,4304.145692,4297.863078,0.000000,1.000000,0.000000,1.000000,0.000000,0.000000,0.000000,0.000000,0.000000,0.000000,0.000000,0.000000,0.000000,0.000000,0.000000,1.098612,6.282613,0.000000,0.000000,4304.145692,0.000000,1.000000
18.027509,1.000000,4738.061122,147.811941,0.000000,0.000000,0.000000,1.000000,0.000000,0.000000,0.000000,0.000000,0.000000,0.000000,0.000000,0.000000,0.000000,0.000000,0.000000,4.204693,219.774425,0.000000,0.000000,4738.061122,0.000000,0.000000
17.590606,1.000000,1818.471622,29.079050,0.000000,0.000000,0.000000,1.000000,0.000000,0.000000,0.000000,0.000000,0.000000,0.000000,0.000000,0.000000,0.000000,0.000000,0.000000,6.033086,14.676742,0.000000,0.000000,1818.471622,0.000000,0.000000
17.294691,1.000000,4982.925844,123.233423,0.000000,0.000000,0.000000,1.000000,0.000000,0.000000,0.000000,0.000000,0.000000,0.000000,0.000000,0.000000,0.000000,0.000000,0.000000,4.595120,110.623993,0.000000,0.000000,4982.925844,0.000000,0.000000
14.695423,1.000000,3176.504049,1.377862,0.000000,0.000000,0.000000,0.000000,0.000000,0.000000,0.000000,0.000000,0.000000,0.000000,0.000000,0.000000,0.000000,0.000000,0.000000,5.192957,135.767469,0.000000,0.000000,3176.504049,0.000000,0.000000
18.258086,8.000000,5526.972315,90.519779,0.000000,0.000000,0.000000,0.000000,0.000000,0.000000,0.000000,0.000000,0.000000,0.000000,0.000000,0.000000,0.000000,0.000000,0.000000,4.553877,17.034047,0.000000,0.000000,5526.972315,0.000000,0.000000
17.036942,1.000000,4545.303849,184.182287,0.000000,0.000000,0.000000,1.000000,0.000000,0.000000,0.000000,0.000000,0.000000,0.000000,0.000000,0.000000,0.000000,0.000000,0.000000,4.094345,108.757385,0.000000,0.000000,4545.303849,0.000000,0.000000
0.000000,1.000000,3809.865494,159.105251,0.000000,0.000000,0.000000,0.000000,0.000000,0.000000,0.000000,0.000000,0.000000,0.000000,0.000000,0.000000,0.000000,0.000000,0.000000,3.931826,365.000000,0.000000,0.000000,3809.865494,0.000000,0.000000
0.000000,4.000000,3609.117430,0.715617,0.000000,0.000000,0.000000,0.000000,0.000000,0.000000,0.000000,0.000000,0.000000,0.000000,0.000000,0.000000,0.000000,0.000000,0.000000,6.983790,1.248574,0.000000,0.000000,3609.117430,0.000000,0.000000
17.929119,1.000000,4559.166011,131.484317,0.000000,0.000000,0.000000,1.000000,0.000000,0.000000,0.000000,0.000000,0.000000,0.000000,0.000000,0.000000,0.000000,0.000000,0.000000,3.761200,70.952126,0.000000,0.000000,4559.166011,0.000000,0.000000
0.000000,5.000000,5154.111456,297.214857,0.000000,0.000000,0.000000,0.000000,0.000000,0.000000,0.000000,0.000000,0.000000,0.000000,0.000000,0.000000,0.000000,0.000000,0.000000,3.367296,365.000000,0.000000,0.000000,5154.111456,0.000000,0.000000
18.302546,1.000000,1543.997892,3.434186,0.000000,0.000000,0.000000,0.000000,0.000000,0.000000,0.000000,0.000000,0.000000,0.000000,0.000000,0.000000,0.000000,0.000000,0.000000,6.023448,2.736223,0.000000,0.000000,1543.997892,0.000000,0.000000
0.000000,1.000000,511.324966,27.229555,0.000000,0.000000,0.000000,0.000000,0.000000,0.000000,0.000000,0.000000,0.000000,0.000000,0.000000,0.000000,0.000000,0.000000,0.000000,3.091042,63.793268,0.000000,0.000000,511.324966,0.000000,0.000000
20.888070,1.000000,5500.469491,200.972061,0.000000,0.000000,0.000000,1.000000,0.000000,0.000000,0.000000,0.000000,0.000000,0.000000,0.000000,0.000000,0.000000,0.000000,0.000000,5.062595,113.735633,0.000000,0.000000,5500.469491,0.000000,0.000000
0.000000,1.000000,2507.111950,1392.006536,0.000000,1.000000,0.000000,0.000000,0.000000,0.000000,0.000000,0.000000,0.000000,0.000000,0.000000,0.000000,0.000000,0.000000,0.000000,0.693147,30.000000,0.000000,0.000000,2507.111950,0.000000,1.000000
16.053853,1.000000,4165.786708,118.053562,0.000000,0.000000,0.000000,1.000000,0.000000,0.000000,0.000000,0.000000,0.000000,0.000000,0.000000,0.000000,0.000000,0.000000,0.000000,3.931826,93.822378,0.000000,0.000000,4165.786708,0.000000,0.000000
0.000000,2.000000,3369.917824,2.529876,0.000000,0.000000,0.000000,0.000000,0.000000,0.000000,0.000000,0.000000,0.000000,0.000000,0.000000,0.000000,0.000000,0.000000,0.000000,6.931472,2.249285,0.000000,0.000000,3369.917824,0.000000,0.000000
19.932590,1.000000,6479.960164,367.000542,0.000000,0.000000,0.000000,1.000000,0.000000,0.000000,0.000000,0.000000,0.000000,0.000000,0.000000,0.000000,0.000000,0.000000,0.000000,3.970292,260.528400,0.000000,0.000000,6479.960164,0.000000,0.000000
0.000000,5.000000,2388.134531,935.373183,0.000000,0.000000,0.000000,0.000000,0.000000,0.000000,0.000000,0.000000,0.000000,0.000000,0.000000,0.000000,0.000000,0.000000,0.000000,4.672829,112.244501,0.000000,0.000000,2388.134531,0.000000,0.000000
15.445520,1.000000,3857.921370,148.008146,0.000000,0.000000,0.000000,1.000000,0.000000,0.000000,0.000000,0.000000,0.000000,0.000000,0.000000,0.000000,0.000000,0.000000,0.000000,4.543295,59.016385,0.000000,0.000000,3857.921370,0.000000,0.000000
0.000000,3.000000,5356.909519,145.122547,0.000000,0.000000,0.000000,0.000000,0.000000,0.000000,0.000000,0.000000,0.000000,0.000000,0.000000,0.000000,0.000000,0.000000,0.000000,2.484907,365.000000,0.000000,0.000000,5356.909519,0.000000,0.000000
0.000000,4.000000,5280.393955,8.347443,0.000000,0.000000,0.000000,0.000000,0.000000,0.000000,0.000000,0.000000,0.000000,0.000000,0.000000,0.000000,0.000000,0.000000,-1.000000,6.131226,22.406053,0.000000,0.000000,5280.393955,0.000000,0.000000
18.529953,2.000000,2317.854249,61.392194,0.000000,0.000000,0.000000,1.000000,0.000000,0.000000,0.000000,0.000000,0.000000,0.000000,0.000000,0.000000,0.000000,0.000000,0.000000,4.584967,32.252712,0.000000,0.000000,2317.854249,0.000000,0.000000
0.000000,1.000000,5539.716110,851.628622,0.000000,0.000000,0.000000,0.000000,0.000000,0.000000,0.000000,0.000000,0.000000,0.000000,0.000000,0.000000,0.000000,0.000000,0.000000,3.761200,13.471058,0.000000,0.000000,5539.716110,0.000000,0.000000
18.698007,1.000000,4316.072681,1249.032148,0.000000,0.000000,0.000000,1.000000,0.000000,0.000000,0.000000,0.000000,0.000000,0.000000,0.000000,0.000000,0.000000,0.000000,0.000000,3.637586,30.045848,0.000000,0.000000,4316.072681,0.000000,0.000000
0.000000,2.000000,1180.064240,128.995766,0.000000,1.000000,0.000000,0.000000,0.000000,0.000000,0.000000,0.000000,0.000000,0.000000,0.000000,0.000000,0.000000,0.000000,2.000000,4.709530,43.153651,0.000000,0.000000,1180.064240,0.000000,1.000000
0.000000,2.000000,4410.032225,233.160673,0.000000,0.000000,0.000000,0.000000,0.000000,0.000000,0.000000,0.000000,0.000000,0.000000,0.000000,0.000000,0.000000,0.000000,0.000000,3.332205,365.000000,0.000000,0.000000,4410.032225,0.000000,0.000000
0.000000,1.000000,4581.878134,64.359181,0.000000,0.000000,0.000000,1.000000,0.037109,0.000000,0.000000,0.000000,0.000000,0.000000,0.000000,0.000000,0.000000,0.000000,0.000000,5.153292,26.730597,0.000000,0.000000,4581.878134,0.000000,0.000000
16.167897,1.000000,5728.516087,1037.236192,0.000000,0.000000,0.000000,1.000000,0.000000,0.000000,0.000000,0.000000,0.000000,0.000000,0.000000,0.000000,0.000000,0.000000,0.000000,3.871201,77.242808,0.000000,0.000000,5728.516087,0.000000,0.000000
17.717382,1.000000,6525.155055,15.683166,0.000000,0.000000,0.000000,1.000000,0.000000,0.000000,0.000000,0.000000,0.000000,0.000000,0.000000,0.000000,0.000000,0.000000,0.000000,5.424950,31.317888,0.000000,0.000000,6525.155055,0.000000,0.000000
10.490691,1.000000,2657.409708,2657.409708,0.000000,0.000000,0.000000,1.000000,0.000000,0.000000,0.000000,0.000000,0.000000,0.000000,0.000000,0.000000,0.000000,0.000000,0.000000,0.693147,30.000000,0.000000,0.000000,2657.409708,0.000000,0.000000
16.322975,9.000000,2573.486116,1.098225,0.000000,0.000000,0.000000,1.000000,0.000000,0.000000,0.000000,0.000000,0.000000,0.000000,0.000000,0.000000,0.000000,0.000000,0.000000,6.487684,9.011317,0.000000,0.000000,2573.486116,0.000000,0.000000
15.152708,1.000000,5048.101227,127.627102,0.000000,0.000000,0.000000,1.000000,0.000000,0.000000,0.000000,0.000000,0.000000,0.000000,0.000000,0.000000,0.000000,0.000000,0.000000,3.433987,258.290739,0.000000,0.000000,5048.101227,0.000000,0.000000
17.856896,1.000000,4952.114456,17.059064,0.000000,0.000000,0.000000,1.000000,0.000000,0.000000,0.000000,0.000000,0.000000,0.000000,0.000000,0.000000,0.000000,0.000000,0.000000,4.859812,22.557299,0.000000,0.000000,4952.114456,0.000000,0.000000
0.000000,1.000000,1171.197289,916.493716,0.000000,1.000000,0.000000,0.000000,0.000000,0.000000,0.000000,0.000000,0.000000,0.000000,0.000000,0.000000,0.000000,0.000000,0.000000,1.945910,34.573577,0.000000,0.000000,1171.197289,0.000000,1.000000
21.237762,1.000000,4133.982633,0.887448,0.000000,0.000000,0.000000,1.000000,0.000000,0.000000,0.000000,0.000000,0.000000,0.000000,0.000000,0.000000,0.000000,0.000000,0.000000,7.595890,1.774716,0.000000,0.000000,4133.982633,0.000000,0.000000
0.000000,1.000000,4897.585521,727.695781,0.000000,0.000000,0.000000,0.000000,0.000000,0.000000,0.000000,0.000000,0.000000,0.000000,0.000000,0.000000,0.000000,0.000000,0.000000,4.430817,51.261615,0.000000,0.000000,4897.585521,0.000000,0.000000
0.000000,4.000000,1892.956665,89.092481,0.000000,0.000000,0.000000,0.000000,0.000000,0.000000,0.000000,0.000000,0.000000,0.000000,0.000000,0.000000,0.000000,0.000000,0.000000,0.693147,30.000000,0.000000,0.000000,1892.956665,0.000000,0.000000
19.126078,1.000000,2269.186615,14.132728,0.000000,0.000000,0.000000,1.000000,0.000000,0.000000,0.000000,0.000000,0.000000,0.000000,0.000000,0.000000,0.000000,0.000000,0.000000,4.330733,2.516032,0.000000,0.000000,2269.186615,0.000000,0.000000
3.761200,1.000000,4250.881155,4156.911268,0.000000,1.000000,0.000000,1.000000,0.000000,0.000000,0.000000,0.000000,0.000000,0.000000,0.000000,0.000000,0.000000,0.000000,0.000000,1.386294,93.969887,0.000000,0.000000,4250.881155,0.000000,1.000000
17.204661,1.000000,6355.155088,369.315371,0.000000,0.000000,0.000000,1.000000,0.000000,0.000000,0.000000,0.000000,0.000000,0.000000,0.000000,0.000000,0.000000,0.000000,0.000000,3.713572,198.995099,0.000000,0.000000,6355.155088,0.000000,0.000000
19.759653,1.000000,4198.489253,6.170423,0.000000,0.000000,0.000000,1.000000,0.000000,0.000000,0.000000,0.000000,0.000000,0.000000,0.000000,0.000000,0.000000,0.000000,0.000000,3.931826,85.309983,0.000000,0.000000,4198.489253,0.000000,0.000000
18.932380,1.000000,4898.558958,1.074718,0.000000,0.000000,0.000000,1.000000,0.000000,0.000000,0.000000,0.000000,0.000000,0.000000,0.000000,0.000000,0.000000,0.000000,0.000000,5.081404,26.774932,0.000000,0.000000,4898.558958,0.000000,0.000000
19.071045,1.000000,2209.016821,1.866851,0.000000,0.000000,0.000000,1.000000,0.000000,0.000000,0.000000,0.000000,0.000000,0.000000,0.000000,0.000000,0.000000,0.000000,0.000000,5.937536,2.531784,0.000000,0.000000,2209.016821,0.000000,0.000000
0.000000,1.000000,4790.974691,1363.592308,0.000000,0.000000,0.000000,0.000000,0.000000,0.000000,0.000000,0.000000,0.000000,0.000000,0.000000,0.000000,0.000000,0.000000,0.000000,2.944439,250.391572,0.000000,0.000000,4790.974691,0.000000,0.000000
0.000000,2.000000,4601.676110,1022.266629,0.000000,0.000000,0.000000,0.000000,0.000000,0.000000,0.000000,0.000000,0.000000,0.000000,0.000000,0.000000,0.000000,0.000000,-1.000000,3.663562,121.755507,0.000000,0.000000,4601.676110,0.000000,0.000000
15.939407,1.000000,4782.298336,297.048134,0.000000,0.000000,0.000000,1.000000,0.000000,0.000000,0.000000,0.000000,0.000000,0.000000,0.000000,0.000000,0.000000,0.000000,0.000000,4.060443,59.490265,0.000000,0.000000,4782.298336,0.000000,0.000000
18.701878,1.000000,5610.711932,215.794310,0.000000,0.000000,0.000000,1.000000,0.000000,0.000000,0.000000,0.000000,0.000000,0.000000,0.000000,0.000000,0.000000,0.000000,0.000000,5.017280,89.313730,0.000000,0.000000,5610.711932,0.000000,0.000000
15.989927,1.000000,4675.285486,651.058234,0.000000,0.000000,0.000000,1.000000,0.000000,0.000000,0.000000,0.000000,0.000000,0.000000,0.000000,0.000000,0.000000,0.000000,0.000000,3.332205,302.706032,0.000000,0.000000,4675.285486,0.000000,0.000000
0.000000,2.000000,4487.438712,284.235071,0.000000,0.000000,0.000000,0.000000,0.000000,0.000000,0.000000,0.000000,0.000000,0.000000,0.000000,0.000000,0.000000,0.000000,0.000000,5.568345,10.257834,0.000000,0.000000,4487.438712,0.000000,0.000000
0.000000,1.000000,3453.243210,1357.286458,0.000000,1.000000,0.000000,0.000000,0.000000,0.000000,0.000000,0.000000,0.000000,0.000000,0.000000,0.000000,0.000000,0.000000,0.000000,1.098612,323.419784,0.000000,0.000000,3453.243210,0.000000,1.000000
0.000000,3.000000,4638.492069,1.534682,0.000000,0.000000,0.000000,0.000000,0.000000,0.000000,0.000000,0.000000,0.000000,0.000000,0.000000,0.000000,0.000000,0.000000,0.000000,3.465736,34.301430,0.000000,0.000000,4638.492069,0.000000,0.000000
15.715280,2.000000,4464.249846,13.371557,0.000000,0.000000,0.000000,1.000000,0.000000,0.000000,0.000000,0.000000,0.000000,0.000000,0.000000,0.000000,0.000000,0.000000,0.000000,4.532599,54.242503,0.000000,0.000000,4464.249846,0.000000,0.000000
0.000000,4.000000,4628.067084,22.913610,0.000000,0.000000,0.000000,0.000000,0.000000,0.000000,0.000000,0.000000,0.000000,0.000000,0.000000,0.000000,0.000000,0.000000,0.000000,4.624973,40.760527,0.000000,0.000000,4628.067084,0.000000,0.000000
17.114610,1.000000,4519.108410,214.718117,0.000000,0.000000,0.000000,1.000000,0.000000,0.000000,0.000000,0.000000,0.000000,0.000000,0.000000,0.000000,0.000000,0.000000,0.000000,2.197225,365.000000,0.000000,0.000000,4519.108410,0.000000,0.000000
20.116983,1.000000,4032.390898,152.257720,0.000000,0.000000,0.000000,1.000000,0.000000,0.000000,0.000000,0.000000,0.000000,0.000000,0.000000,0.000000,0.000000,0.000000,0.000000,3.583519,73.572095,0.000000,0.000000,4032.390898,0.000000,0.000000
20.127741,1.000000,5915.838422,17.908045,0.000000,0.000000,0.000000,1.000000,0.000000,0.000000,0.000000,0.000000,0.000000,0.000000,0.000000,0.000000,0.000000,0.000000,0.000000,4.736198,19.048730,0.000000,0.000000,5915.838422,0.000000,0.000000
0.000000,2.000000,4473.224123,7.414951,0.000000,0.000000,0.000000,1.000000,0.000000,0.000000,0.000000,0.000000,0.000000,0.000000,0.000000,0.000000,0.000000,0.000000,0.000000,5.023881,91.634562,0.000000,0.000000,4473.224123,0.000000,0.000000
0.000000,9.000000,4962.261190,379.299395,0.000000,1.000000,0.000000,0.000000,0.000000,0.000000,0.000000,0.000000,0.000000,0.000000,0.000000,0.000000,0.000000,0.000000,0.000000,3.891820,32.442355,0.000000,0.000000,4962.261190,0.000000,1.000000
0.000000,4.000000,4313.420710,401.940178,0.000000,0.000000,0.000000,0.000000,0.000000,0.000000,0.000000,0.000000,0.000000,0.000000,0.000000,0.000000,0.000000,0.000000,0.000000,3.850148,365.000000,0.000000,0.000000,4313.420710,0.000000,0.000000
0.000000,1.000000,4411.686464,958.964701,0.000000,0.000000,0.000000,0.000000,0.000000,0.000000,0.000000,0.000000,0.000000,0.000000,0.000000,0.000000,0.000000,0.000000,0.000000,4.574711,4.681099,0.000000,0.000000,4411.686464,0.000000,0.000000
0.000000,1.000000,1404.267544,1404.266599,0.000000,0.000000,0.000000,0.000000,0.000000,0.000000,0.000000,0.000000,0.000000,0.000000,0.000000,0.000000,0.000000,0.000000,0.000000,0.000000,30.000000,0.000000,0.000000,1404.267544,0.000000,0.000000
16.742876,1.000000,4059.505150,109.977421,0.000000,0.000000,0.000000,1.000000,0.000000,0.000000,0.000000,0.000000,0.000000,0.000000,0.000000,0.000000,0.000000,0.000000,0.000000,5.365976,44.622275,0.000000,0.000000,4059.505150,0.000000,0.000000
20.223473,1.000000,4331.362289,111.972343,0.000000,0.000000,0.000000,1.000000,0.000000,0.000000,0.000000,0.000000,0.000000,0.000000,0.000000,0.000000,0.000000,0.000000,0.000000,4.094345,47.233448,0.000000,0.000000,4331.362289,0.000000,0.000000
14.879553,1.000000,5928.864598,54.027190,0.000000,0.000000,0.000000,1.000000,0.000000,0.000000,0.000000,0.000000,0.000000,0.000000,0.000000,0.000000,0.000000,0.000000,0.000000,4.682131,54.344396,0.000000,0.000000,5928.864598,0.000000,0.000000
0.000000,12.000000,4396.457216,572.150878,0.000000,1.000000,0.000000,0.000000,0.000000,0.000000,0.000000,0.000000,0.000000,0.000000,0.000000,0.000000,0.000000,0.000000,-1.000000,4.330733,282.960400,0.000000,0.000000,4396.457216,0.000000,1.000000
0.000000,3.000000,3955.646741,10.668902,0.000000,0.000000,0.000000,0.000000,0.000000,0.000000,0.000000,0.000000,0.000000,0.000000,0.000000,0.000000,0.000000,0.000000,0.000000,5.117994,365.000000,0.000000,0.000000,3955.646741,0.000000,0.000000
0.000000,2.000000,5039.356808,579.511298,0.000000,0.000000,0.000000,0.000000,0.000000,0.000000,0.000000,0.000000,0.000000,0.000000,0.000000,0.000000,0.000000,0.000000,-1.000000,4.356709,138.883491,0.000000,0.000000,5039.356808,0.000000,0.000000
0.000000,1.000000,2543.941401,14.943997,0.000000,0.000000,0.000000,0.000000,0.000000,0.000000,0.000000,0.000000,0.000000,0.000000,0.000000,0.000000,0.000000,0.000000,0.000000,6.982863,11.937538,0.000000,0.000000,2543.941401,0.000000,0.000000
0.000000,2.000000,5147.046740,355.045203,0.000000,0.000000,0.000000,0.000000,0.000000,0.000000,0.000000,0.000000,0.000000,0.000000,0.000000,0.000000,0.000000,0.000000,0.000000,4.897840,170.212301,0.000000,0.000000,5147.046740,0.000000,0.000000
9.783690,1.000000,3780.198277,1229.238459,0.000000,0.000000,0.000000,1.000000,0.000000,0.000000,0.000000,0.000000,0.000000,0.000000,0.000000,0.000000,0.000000,0.000000,0.000000,2.890372,232.880813,0.000000,0.000000,3780.198277,0.000000,0.000000
17.711680,1.000000,4650.858958,4.955255,0.000000,0.000000,0.000000,1.000000,0.000000,0.000000,0.000000,0.000000,0.000000,0.000000,0.000000,0.000000,0.000000,0.000000,0.000000,5.755742,29.533147,0.000000,0.000000,4650.858958,0.000000,0.000000
17.037979,1.000000,6061.880204,75.809943,0.000000,0.000000,0.000000,1.000000,0.000000,0.000000,0.000000,0.000000,0.000000,0.000000,0.000000,0.000000,0.000000,0.000000,0.000000,4.077537,146.264571,0.000000,0.000000,6061.880204,0.000000,0.000000
17.761711,1.000000,4547.142185,31.985622,0.000000,0.000000,0.000000,1.000000,0.000000,0.000000,0.000000,0.000000,0.000000,0.000000,0.000000,0.000000,0.000000,0.000000,0.000000,5.141664,10.560609,0.000000,0.000000,4547.142185,0.000000,0.000000
18.423685,1.000000,5906.927095,22.372168,0.000000,0.000000,0.000000,1.000000,0.000000,0.000000,0.000000,0.000000,0.000000,0.000000,0.000000,0.000000,0.000000,0.000000,0.000000,4.564348,2.974834,0.000000,0.000000,5906.927095,0.000000,0.000000
19.610441,1.000000,6748.856740,8.469731,0.000000,0.000000,0.000000,1.000000,0.000000,0.000000,0.000000,0.000000,0.000000,0.000000,0.000000,0.000000,0.000000,0.000000,0.000000,5.529429,2.010671,0.000000,0.000000,6748.856740,0.000000,0.000000
0.000000,5.000000,4057.283870,828.246993,0.000000,0.000000,0.000000,0.000000,0.000000,0.000000,0.000000,0.000000,0.000000,0.000000,0.000000,0.000000,0.000000,0.000000,0.000000,4.574711,26.564604,0.000000,0.000000,4057.283870,0.000000,0.000000
17.478294,1.000000,5773.000975,4.256434,0.000000,0.000000,0.000000,1.000000,0.000000,0.000000,0.000000,0.000000,0.000000,0.000000,0.000000,0.000000,0.000000,0.000000,0.000000,6.056784,7.000677,0.000000,0.000000,5773.000975,0.000000,0.000000
20.541242,1.000000,4440.866813,25.033846,0.000000,0.000000,0.000000,1.000000,0.000000,0.000000,0.000000,0.000000,0.000000,0.000000,0.000000,0.000000,0.000000,0.000000,0.000000,5.023881,36.699397,0.000000,0.000000,4440.866813,0.000000,0.000000
0.000000,1.000000,4362.890747,67.335914,0.000000,0.000000,0.000000,0.000000,0.000000,0.000000,0.000000,0.000000,0.000000,0.000000,0.000000,0.000000,0.000000,0.000000,0.000000,5.257495,14.513671,0.000000,0.000000,4362.890747,0.000000,0.000000
16.696841,1.000000,5000.667036,376.534362,0.000000,0.000000,0.000000,1.000000,0.000000,0.000000,0.000000,0.000000,0.000000,0.000000,0.000000,0.000000,0.000000,0.000000,0.000000,3.912023,66.902689,0.000000,0.000000,5000.667036,0.000000,0.000000
0.000000,11.000000,4503.995856,10.257977,0.000000,0.000000,0.000000,0.000000,0.000000,0.000000,0.000000,0.000000,0.000000,0.000000,0.000000,0.000000,0.000000,0.000000,5.000000,4.820282,32.493186,0.000000,0.000000,4503.995856,0.000000,0.000000
0.000000,8.000000,5325.624644,1.002407,0.000000,0.000000,0.000000,1.000000,0.032227,0.000000,1.000000,0.000000,0.000000,0.000000,0.000000,0.000000,0.000000,0.000000,0.000000,7.803027,0.074339,0.000000,0.000000,5325.624644,0.000000,0.000000
0.000000,3.000000,5433.396676,969.042320,0.000000,0.000000,0.000000,0.000000,0.000000,0.000000,0.000000,0.000000,0.000000,0.000000,0.000000,0.000000,0.000000,0.000000,0.000000,2.890372,252.324450,0.000000,0.000000,5433.396676,0.000000,0.000000
16.215741,1.000000,6627.937393,919.766537,0.000000,0.000000,0.000000,1.000000,0.000000,0.000000,0.000000,0.000000,0.000000,0.000000,0.000000,0.000000,0.000000,0.000000,0.000000,4.875197,30.819734,0.000000,0.000000,6627.937393,0.000000,0.000000
0.000000,1.000000,3519.773057,29.857263,0.000000,0.000000,0.000000,0.000000,0.000000,0.000000,0.000000,0.000000,0.000000,0.000000,0.000000,0.000000,0.000000,0.000000,0.000000,4.852030,4.238149,0.000000,0.000000,3519.773057,0.000000,0.000000
0.000000,1.000000,4969.966093,32.177606,0.000000,1.000000,0.000000,0.000000,0.000000,0.000000,0.000000,0.000000,0.000000,0.000000,0.000000,0.000000,0.000000,0.000000,0.000000,4.543295,36.769698,0.000000,0.000000,4969.966093,0.000000,1.000000
0.000000,3.000000,4783.661259,44.225266,0.000000,0.000000,0.000000,0.000000,0.000000,0.000000,0.000000,0.000000,0.000000,0.000000,0.000000,0.000000,0.000000,0.000000,0.000000,3.583519,365.000000,0.000000,0.000000,4783.661259,0.000000,0.000000
0.000000,1.000000,2300.959463,122.444900,0.000000,0.000000,0.000000,0.000000,0.000000,0.000000,0.000000,0.000000,0.000000,0.000000,0.000000,0.000000,0.000000,0.000000,0.000000,4.859812,66.691981,0.000000,0.000000,2300.959463,0.000000,0.000000
17.331480,1.000000,3972.650436,283.106949,0.000000,0.000000,0.000000,1.000000,0.000000,0.000000,0.000000,0.000000,0.000000,0.000000,0.000000,0.000000,0.000000,0.000000,0.000000,3.688879,365.000000,0.000000,0.000000,3972.650436,0.000000,0.000000
18.807474,1.000000,5210.954496,25.170176,0.000000,0.000000,0.000000,1.000000,0.000000,0.000000,0.000000,0.000000,0.000000,0.000000,0.000000,0.000000,0.000000,0.000000,0.000000,4.969813,7.944169,0.000000,0.000000,5210.954496,0.000000,0.000000
0.000000,5.000000,4632.762363,38.939897,0.000000,0.000000,0.000000,0.000000,0.000000,0.000000,0.000000,0.000000,0.000000,0.000000,0.000000,0.000000,0.000000,0.000000,0.000000,4.418841,365.000000,0.000000,0.000000,4632.762363,0.000000,0.000000
0.000000,16.000000,3198.312656,2.001971,0.000000,0.000000,0.000000,0.000000,0.000000,0.000000,0.000000,0.000000,0.000000,0.000000,0.000000,0.000000,0.000000,0.000000,0.000000,3.583519,14.726284,0.000000,0.000000,3198.312656,0.000000,0.000000
13.424518,1.000000,4052.541426,259.126172,0.000000,0.000000,0.000000,1.000000,0.000000,0.000000,0.000000,0.000000,0.000000,0.000000,0.000000,0.000000,0.000000,0.000000,0.000000,3.828641,92.004826,0.000000,0.000000,4052.541426,0.000000,0.000000
0.000000,5.000000,4259.899715,145.466178,0.000000,0.000000,0.000000,0.000000,0.000000,0.000000,0.000000,0.000000,0.000000,0.000000,0.000000,0.000000,0.000000,0.000000,0.000000,4.691348,78.917852,0.000000,0.000000,4259.899715,0.000000,0.000000
0.000000,2.000000,5455.495162,180.057104,0.000000,0.000000,0.000000,0.000000,0.000000,0.000000,0.000000,0.000000,0.000000,0.000000,0.000000,0.000000,0.000000,0.000000,0.000000,3.891820,61.535901,0.000000,0.000000,5455.495162,0.000000,0.000000
17.505850,1.000000,1837.769039,36.205902,0.000000,0.000000,0.000000,0.000000,0.000000,0.000000,0.000000,0.000000,0.000000,0.000000,0.000000,0.000000,0.000000,0.000000,0.000000,4.394449,48.012382,0.000000,0.000000,1837.769039,0.000000,0.000000
17.994398,2.000000,4014.169635,219.177918,0.000000,0.000000,0.000000,1.000000,0.000000,0.000000,0.000000,0.000000,0.000000,0.000000,0.000000,0.000000,0.000000,0.000000,0.000000,4.189655,78.950247,0.000000,0.000000,4014.169635,0.000000,0.000000
18.302268,2.000000,5892.158259,249.274274,0.000000,0.000000,0.000000,1.000000,0.000000,0.000000,0.000000,0.000000,0.000000,0.000000,0.000000,0.000000,0.000000,0.000000,0.000000,4.276666,146.980855,0.000000,0.000000,5892.158259,0.000000,0.000000
0.000000,5.000000,4038.230871,160.522930,0.000000,0.000000,0.000000,0.000000,0.000000,0.000000,0.000000,0.000000,0.000000,0.000000,0.000000,0.000000,0.000000,0.000000,0.000000,5.700444,17.052810,0.000000,0.000000,4038.230871,0.000000,0.000000
0.000000,1.000000,1131.749294,26.562359,0.000000,1.000000,0.000000,0.000000,0.000000,0.000000,0.000000,0.000000,0.000000,0.000000,0.000000,0.000000,0.000000,0.000000,0.000000,3.091042,119.457795,0.000000,0.000000,1131.749294,0.000000,1.000000
0.000000,6.000000,5409.213565,110.659562,0.000000,0.000000,0.000000,0.000000,0.000000,0.000000,0.000000,0.000000,0.000000,0.000000,0.000000,0.000000,0.000000,0.000000,-1.000000,3.931826,30.743392,0.000000,0.000000,5409.213565,0.000000,0.000000
0.000000,18.000000,1410.243056,2.002435,0.000000,0.000000,0.000000,0.000000,0.000000,0.000000,0.000000,0.000000,0.000000,0.000000,0.000000,0.000000,0.000000,0.000000,0.000000,3.295837,78.188698,0.000000,0.000000,1410.243056,0.000000,0.000000
0.000000,1.000000,3788.031215,1405.734519,0.000000,1.000000,0.000000,0.000000,0.000000,0.000000,0.000000,0.000000,0.000000,0.000000,0.000000,0.000000,0.000000,0.000000,0.000000,0.693147,30.000000,0.000000,0.000000,3788.031215,0.000000,1.000000
17.787620,1.000000,6079.440027,11.333428,0.000000,0.000000,0.000000,1.000000,0.000000,0.000000,0.000000,0.000000,0.000000,0.000000,0.000000,0.000000,0.000000,0.000000,0.000000,4.174387,139.361908,0.000000,0.000000,6079.440027,0.000000,0.000000
0.000000,2.000000,3773.863455,2.072648,0.000000,0.000000,0.000000,0.000000,0.000000,0.000000,0.000000,0.000000,0.000000,0.000000,0.000000,0.000000,0.000000,0.000000,0.000000,6.942157,1.981659,0.000000,0.000000,3773.863455,0.000000,0.000000
19.841080,1.000000,5489.926927,36.004168,0.000000,0.000000,0.000000,1.000000,0.000000,0.000000,0.000000,0.000000,0.000000,0.000000,0.000000,0.000000,0.000000,0.000000,0.000000,3.970292,231.749575,0.000000,0.000000,5489.926927,0.000000,0.000000
19.521609,1.000000,3197.356708,18.873985,0.000000,0.000000,0.000000,1.000000,0.000000,0.000000,0.000000,0.000000,0.000000,0.000000,0.000000,0.000000,0.000000,0.000000,0.000000,5.225747,36.599585,0.000000,0.000000,3197.356708,0.000000,0.000000
18.844989,1.000000,4747.082806,3.048881,0.000000,0.000000,0.000000,1.000000,0.000000,0.000000,0.000000,0.000000,0.000000,0.000000,0.000000,0.000000,0.000000,0.000000,0.000000,3.367296,365.000000,0.000000,0.000000,4747.082806,0.000000,0.000000
0.000000,3.000000,4912.413261,16.207950,0.000000,0.000000,0.000000,0.000000,0.000000,0.000000,0.000000,0.000000,0.000000,0.000000,0.000000,0.000000,0.000000,0.000000,0.000000,4.934474,122.842970,0.000000,0.000000,4912.413261,0.000000,0.000000
17.956623,1.000000,2647.455535,456.364587,0.000000,0.000000,0.000000,1.000000,0.000000,0.000000,0.000000,0.000000,0.000000,0.000000,0.000000,0.000000,0.000000,0.000000,0.000000,3.091042,260.474550,0.000000,0.000000,2647.455535,0.000000,0.000000
0.000000,1.000000,5239.756863,112.850506,0.000000,0.000000,0.000000,0.000000,0.000000,0.000000,0.000000,0.000000,0.000000,0.000000,0.000000,0.000000,0.000000,0.000000,1.000000,4.317488,365.000000,0.000000,0.000000,5239.756863,0.000000,0.000000
0.000000,1.000000,4486.228906,501.110946,0.000000,0.000000,0.000000,0.000000,0.000000,0.000000,0.000000,0.000000,0.000000,0.000000,0.000000,0.000000,0.000000,0.000000,0.000000,3.401197,71.291131,0.000000,0.000000,4486.228906,0.000000,0.000000
0.000000,4.000000,5280.394041,8.347529,0.000000,0.000000,0.000000,0.000000,0.000000,0.000000,0.000000,0.000000,0.000000,0.000000,0.000000,0.000000,0.000000,0.000000,-1.000000,6.131226,22.406053,0.000000,0.000000,5280.394041,0.000000,0.000000
20.976936,1.000000,7238.891077,27.206439,0.000000,0.000000,0.000000,1.000000,0.000000,0.000000,0.000000,0.000000,0.000000,0.000000,0.000000,0.000000,0.000000,0.000000,0.000000,6.434547,4.556707,0.000000,0.000000,7238.891077,0.000000,0.000000
19.299513,1.000000,2349.812963,3.242289,0.000000,0.000000,0.000000,1.000000,0.000000,0.000000,0.000000,0.000000,0.000000,0.000000,0.000000,0.000000,0.000000,0.000000,0.000000,4.369448,43.539640,0.000000,0.000000,2349.812963,0.000000,0.000000
19.838600,1.000000,7505.585281,4.512570,0.000000,0.000000,0.000000,1.000000,0.000000,0.000000,0.000000,0.000000,0.000000,0.000000,0.000000,0.000000,0.000000,0.000000,0.000000,4.795791,134.556086,0.000000,0.000000,7505.585281,0.000000,0.000000
0.000000,2.000000,5264.526045,14.024495,0.000000,0.000000,0.000000,0.000000,0.000000,0.000000,0.000000,0.000000,0.000000,0.000000,0.000000,0.000000,0.000000,0.000000,0.000000,4.317488,132.973634,0.000000,0.000000,5264.526045,0.000000,0.000000
0.000000,1.000000,4599.822225,128.866586,0.000000,0.000000,0.000000,0.000000,0.000000,0.000000,0.000000,0.000000,0.000000,0.000000,0.000000,0.000000,0.000000,0.000000,0.000000,3.784190,65.966530,0.000000,0.000000,4599.822225,0.000000,0.000000
0.000000,1.000000,1988.204853,1410.152121,0.000000,0.000000,0.000000,0.000000,0.000000,0.000000,0.000000,0.000000,0.000000,0.000000,0.000000,0.000000,0.000000,0.000000,0.000000,0.693147,30.000000,0.000000,0.000000,1988.204853,0.000000,0.000000
20.051274,1.000000,2703.416578,60.347644,0.000000,0.000000,0.000000,1.000000,0.000000,0.000000,0.000000,0.000000,0.000000,0.000000,0.000000,0.000000,0.000000,0.000000,0.000000,4.204693,73.871953,0.000000,0.000000,2703.416578,0.000000,0.000000
0.000000,3.000000,3396.880026,4.149958,0.000000,0.000000,0.000000,0.000000,0.000000,0.000000,0.000000,0.000000,0.000000,0.000000,0.000000,0.000000,0.000000,0.000000,0.000000,6.966967,2.063622,0.000000,0.000000,3396.880026,0.000000,0.000000
18.123809,1.000000,2647.048563,24.931225,0.000000,0.000000,0.000000,0.000000,0.000000,0.000000,0.000000,0.000000,0.000000,0.000000,0.000000,0.000000,0.000000,0.000000,0.000000,3.828641,62.792740,0.000000,0.000000,2647.048563,0.000000,0.000000
0.000000,5.000000,5255.001093,144.632574,0.000000,0.000000,0.000000,0.000000,0.000000,0.000000,0.000000,0.000000,0.000000,0.000000,0.000000,0.000000,0.000000,0.000000,0.000000,4.343805,158.222306,0.000000,0.000000,5255.001093,0.000000,0.000000
0.000000,5.000000,4693.312315,449.041552,0.000000,0.000000,0.000000,0.000000,0.000000,0.000000,0.000000,0.000000,0.000000,0.000000,0.000000,0.000000,0.000000,0.000000,0.000000,5.533389,38.023401,0.000000,0.000000,4693.312315,0.000000,0.000000
14.245862,2.000000,2338.995906,22.138156,0.000000,0.000000,0.000000,1.000000,0.000000,0.000000,0.000000,0.000000,0.000000,0.000000,0.000000,0.000000,0.000000,0.000000,0.000000,3.951244,6.986156,0.000000,0.000000,2338.995906,0.000000,0.000000
19.739681,1.000000,2309.172820,16.113003,0.000000,0.000000,0.000000,1.000000,0.000000,0.000000,0.000000,0.000000,0.000000,0.000000,0.000000,0.000000,0.000000,0.000000,0.000000,5.327876,33.282357,0.000000,0.000000,2309.172820,0.000000,0.000000
20.299510,1.000000,6339.113740,30.740055,0.000000,0.000000,0.000000,1.000000,0.000000,0.000000,0.000000,0.000000,0.000000,0.000000,0.000000,0.000000,0.000000,0.000000,0.000000,5.043425,69.615675,0.000000,0.000000,6339.113740,0.000000,0.000000
0.000000,1.000000,3091.330362,1406.413006,0.000000,1.000000,0.000000,0.000000,0.000000,0.000000,0.000000,0.000000,0.000000,0.000000,0.000000,0.000000,0.000000,0.000000,0.000000,0.693147,30.000000,0.000000,0.000000,3091.330362,0.000000,1.000000
0.000000,3.000000,4443.486603,59.435680,0.000000,0.000000,0.000000,0.000000,0.000000,0.000000,0.000000,0.000000,0.000000,0.000000,0.000000,0.000000,0.000000,0.000000,-3.000000,4.406719,82.639918,0.000000,0.000000,4443.486603,0.000000,0.000000
18.431557,1.000000,2781.168748,4.285920,0.000000,0.000000,0.000000,1.000000,0.000000,0.000000,0.000000,0.000000,0.000000,0.000000,0.000000,0.000000,0.000000,0.000000,0.000000,5.783825,3.771356,0.000000,0.000000,2781.168748,0.000000,0.000000
19.278312,1.000000,4539.307103,97.206639,0.000000,0.000000,0.000000,1.000000,0.000000,0.000000,0.000000,0.000000,0.000000,0.000000,0.000000,0.000000,0.000000,0.000000,0.000000,3.988984,24.510791,0.000000,0.000000,4539.307103,0.000000,0.000000
0.000000,4.000000,3050.062300,19.987584,0.000000,0.000000,0.000000,0.000000,0.000000,0.000000,0.000000,0.000000,0.000000,0.000000,0.000000,0.000000,0.000000,0.000000,0.000000,5.402677,8.529765,0.000000,0.000000,3050.062300,0.000000,0.000000
0.000000,3.000000,3475.520755,96.106752,0.000000,0.000000,0.000000,0.000000,0.000000,0.000000,0.000000,0.000000,0.000000,0.000000,0.000000,0.000000,0.000000,0.000000,0.000000,5.361292,19.237900,0.000000,0.000000,3475.520755,0.000000,0.000000
0.000000,5.000000,3437.896233,0.432830,0.000000,0.000000,0.000000,0.000000,0.000000,0.000000,0.000000,0.000000,0.000000,0.000000,0.000000,0.000000,0.000000,0.000000,0.000000,5.743003,8.164267,0.000000,0.000000,3437.896233,0.000000,0.000000
18.701878,1.000000,5610.712018,215.794396,0.000000,0.000000,0.000000,1.000000,0.000000,0.000000,0.000000,0.000000,0.000000,0.000000,0.000000,0.000000,0.000000,0.000000,0.000000,5.017280,89.313730,0.000000,0.000000,5610.712018,0.000000,0.000000
18.091474,1.000000,2929.199045,34.184083,0.000000,0.000000,0.000000,1.000000,0.000000,0.000000,0.000000,0.000000,0.000000,0.000000,0.000000,0.000000,0.000000,0.000000,0.000000,5.214936,35.040869,0.000000,0.000000,2929.199045,0.000000,0.000000
16.087862,3.000000,4366.660543,0.837476,0.000000,0.000000,0.000000,1.000000,0.000000,0.000000,0.000000,0.000000,0.000000,0.000000,0.000000,0.000000,0.000000,0.000000,0.000000,4.077537,8.339134,0.000000,0.000000,4366.660543,0.000000,0.000000
3.931826,1.000000,82.554492,82.541837,0.000000,1.000000,0.000000,1.000000,0.000000,0.000000,0.000000,0.000000,0.000000,0.000000,0.000000,0.000000,0.000000,0.000000,0.000000,1.098612,0.012655,0.000000,0.000000,82.554492,0.000000,1.000000
17.589094,1.000000,5658.383904,148.372094,0.000000,0.000000,0.000000,1.000000,0.000000,0.000000,0.000000,0.000000,0.000000,0.000000,0.000000,0.000000,0.000000,0.000000,0.000000,4.174387,199.256013,0.000000,0.000000,5658.383904,0.000000,0.000000
0.000000,1.000000,3153.547979,1405.491905,0.000000,1.000000,0.000000,0.000000,0.000000,0.000000,0.000000,0.000000,0.000000,0.000000,0.000000,0.000000,0.000000,0.000000,0.000000,1.609438,0.368807,0.000000,0.000000,3153.547979,0.000000,1.000000
18.410802,1.000000,6763.390007,62.243837,0.000000,0.000000,0.000000,1.000000,0.000000,0.000000,0.000000,0.000000,0.000000,0.000000,0.000000,0.000000,0.000000,0.000000,0.000000,5.017280,13.199945,0.000000,0.000000,6763.390007,0.000000,0.000000
0.000000,1.000000,1097.820980,929.710091,0.000000,1.000000,0.000000,0.000000,0.000000,0.000000,0.000000,0.000000,0.000000,0.000000,0.000000,0.000000,0.000000,0.000000,0.000000,0.693147,30.000000,0.000000,0.000000,1097.820980,0.000000,1.000000
17.014944,1.000000,4745.258941,18.879611,0.000000,0.000000,0.000000,1.000000,0.000000,0.000000,0.000000,0.000000,0.000000,0.000000,0.000000,0.000000,0.000000,0.000000,0.000000,7.305188,3.285665,0.000000,0.000000,4745.258941,0.000000,0.000000
0.000000,1.000000,5216.597449,1042.814302,0.000000,0.000000,0.000000,0.000000,0.000000,0.000000,0.000000,0.000000,0.000000,0.000000,0.000000,0.000000,0.000000,0.000000,0.000000,3.850148,154.823735,0.000000,0.000000,5216.597449,0.000000,0.000000
0.000000,3.000000,4971.638215,424.451620,0.000000,0.000000,0.000000,0.000000,0.000000,0.000000,0.000000,0.000000,0.000000,0.000000,0.000000,0.000000,0.000000,0.000000,0.000000,4.663439,96.487446,0.000000,0.000000,4971.638215,0.000000,0.000000
0.000000,1.000000,4324.709342,653.702395,0.000000,0.000000,0.000000,0.000000,0.000000,0.000000,0.000000,0.000000,0.000000,0.000000,0.000000,0.000000,0.000000,0.000000,0.000000,2.079442,188.799649,0.000000,0.000000,4324.709342,0.000000,0.000000
0.000000,1.000000,5435.158366,645.160963,0.000000,0.000000,0.000000,0.000000,0.000000,0.000000,0.000000,0.000000,0.000000,0.000000,0.000000,0.000000,0.000000,0.000000,0.000000,3.970292,328.678436,0.000000,0.000000,5435.158366,0.000000,0.000000
9.583695,1.000000,2171.285450,2171.285450,0.000000,0.000000,0.000000,1.000000,0.000000,0.000000,0.000000,0.000000,0.000000,0.000000,0.000000,0.000000,0.000000,0.000000,0.000000,0.693147,30.000000,0.000000,0.000000,2171.285450,0.000000,0.000000
0.000000,1.000000,4170.330158,216.288561,0.000000,0.000000,0.000000,0.000000,0.000000,0.000000,0.000000,0.000000,0.000000,0.000000,0.000000,0.000000,0.000000,0.000000,0.000000,5.323010,45.781989,0.000000,0.000000,4170.330158,0.000000,0.000000
15.330547,1.000000,3426.248267,10.767252,0.000000,0.000000,0.000000,1.000000,0.000000,0.000000,0.000000,0.000000,0.000000,0.000000,0.000000,0.000000,0.000000,0.000000,0.000000,4.736198,28.349355,0.000000,0.000000,3426.248267,0.000000,0.000000
12.277360,1.000000,5970.394795,431.365287,0.000000,0.000000,0.000000,1.000000,0.000000,0.000000,0.000000,0.000000,0.000000,0.000000,0.000000,0.000000,0.000000,0.000000,0.000000,4.934474,84.504046,0.000000,0.000000,5970.394795,0.000000,0.000000
0.000000,5.000000,5557.141763,487.035630,0.000000,0.000000,0.000000,0.000000,0.000000,0.000000,0.000000,0.000000,0.000000,0.000000,0.000000,0.000000,0.000000,0.000000,0.000000,4.543295,238.237113,0.000000,0.000000,5557.141763,0.000000,0.000000
5.283204,1.000000,2655.131912,1405.236038,0.000000,1.000000,0.000000,0.000000,0.000000,0.000000,0.000000,0.000000,0.000000,0.000000,0.000000,0.000000,0.000000,0.000000,0.000000,0.693147,30.000000,0.000000,0.000000,2655.131912,0.000000,1.000000
0.000000,2.000000,4120.980677,15.998684,0.000000,0.000000,0.000000,0.000000,0.000000,0.000000,0.000000,0.000000,0.000000,0.000000,0.000000,0.000000,0.000000,0.000000,0.000000,5.298317,6.059193,0.000000,0.000000,4120.980677,0.000000,0.000000
0.000000,4.000000,3737.704878,75.254107,0.000000,0.000000,0.000000,0.000000,0.000000,0.000000,0.000000,0.000000,0.000000,0.000000,0.000000,0.000000,0.000000,0.000000,0.000000,5.135798,15.179176,0.000000,0.000000,3737.704878,0.000000,0.000000
19.276870,1.000000,6821.935220,166.670711,0.000000,0.000000,0.000000,1.000000,0.000000,0.000000,0.000000,0.000000,0.000000,0.000000,0.000000,0.000000,0.000000,0.000000,0.000000,4.795791,42.349840,0.000000,0.000000,6821.935220,0.000000,0.000000
0.000000,2.000000,3704.378842,4.104429,0.000000,0.000000,0.000000,0.000000,0.000000,0.000000,0.000000,0.000000,0.000000,0.000000,0.000000,0.000000,0.000000,0.000000,0.000000,5.631212,33.003980,0.000000,0.000000,3704.378842,0.000000,0.000000
0.000000,2.000000,4564.726975,8.080479,0.000000,0.000000,0.000000,0.000000,0.000000,0.000000,0.000000,0.000000,0.000000,0.000000,0.000000,0.000000,0.000000,0.000000,0.000000,6.236370,0.730255,0.000000,0.000000,4564.726975,0.000000,0.000000
19.560889,1.000000,5698.570885,24.656877,0.000000,0.000000,0.000000,1.000000,0.000000,0.000000,0.000000,0.000000,0.000000,0.000000,0.000000,0.000000,0.000000,0.000000,0.000000,4.663439,76.109883,0.000000,0.000000,5698.570885,0.000000,0.000000
17.822074,1.000000,6248.194499,15.457299,0.000000,0.000000,0.000000,1.000000,0.000000,0.000000,0.000000,0.000000,0.000000,0.000000,0.000000,0.000000,0.000000,0.000000,0.000000,5.356586,32.035874,0.000000,0.000000,6248.194499,0.000000,0.000000
19.126078,1.000000,2269.186756,14.132869,0.000000,0.000000,0.000000,1.000000,0.000000,0.000000,0.000000,0.000000,0.000000,0.000000,0.000000,0.000000,0.000000,0.000000,0.000000,4.330733,2.516032,0.000000,0.000000,2269.186756,0.000000,0.000000
17.787620,1.000000,6079.440110,11.333511,0.000000,0.000000,0.000000,1.000000,0.000000,0.000000,0.000000,0.000000,0.000000,0.000000,0.000000,0.000000,0.000000,0.000000,0.000000,4.174387,139.361908,0.000000,0.000000,6079.440110,0.000000,0.000000
16.271227,1.000000,2121.399314,4.929496,0.000000,0.000000,0.000000,1.000000,0.000000,0.000000,0.000000,0.000000,0.000000,0.000000,0.000000,0.000000,0.000000,0.000000,0.000000,6.835185,0.375278,0.000000,0.000000,2121.399314,0.000000,0.000000
14.418786,1.000000,4632.783734,417.877092,0.000000,0.000000,0.000000,1.000000,0.000000,0.000000,0.000000,0.000000,0.000000,0.000000,0.000000,0.000000,0.000000,0.000000,0.000000,4.110874,294.955665,0.000000,0.000000,4632.783734,0.000000,0.000000
0.000000,6.000000,4920.137932,108.178037,0.000000,0.000000,0.000000,0.000000,0.000000,0.000000,0.000000,0.000000,0.000000,0.000000,0.000000,0.000000,0.000000,0.000000,0.000000,5.488938,129.567370,0.000000,0.000000,4920.137932,0.000000,0.000000
0.000000,6.000000,1327.272872,24.450381,0.000000,0.000000,0.000000,0.000000,0.000000,0.000000,0.000000,0.000000,0.000000,0.000000,0.000000,0.000000,0.000000,0.000000,-1.000000,6.188264,6.070794,0.000000,0.000000,1327.272872,0.000000,0.000000
18.626476,1.000000,7005.898635,331.302185,0.000000,0.000000,0.000000,1.000000,0.000000,0.000000,0.000000,0.000000,0.000000,0.000000,0.000000,0.000000,0.000000,0.000000,0.000000,4.356709,42.655849,0.000000,0.000000,7005.898635,0.000000,0.000000
0.000000,3.000000,3074.208816,9.356744,0.000000,0.000000,0.000000,0.000000,0.000000,0.000000,0.000000,0.000000,0.000000,0.000000,0.000000,0.000000,0.000000,0.000000,0.000000,7.813996,0.756997,0.000000,0.000000,3074.208816,0.000000,0.000000
0.000000,1.000000,2792.533717,1405.718060,0.000000,0.000000,0.000000,0.000000,0.000000,0.000000,0.000000,0.000000,0.000000,0.000000,0.000000,0.000000,0.000000,0.000000,0.000000,2.833213,244.800214,0.000000,0.000000,2792.533717,0.000000,0.000000
19.643002,1.000000,4514.999506,32.104301,0.000000,0.000000,0.000000,1.000000,0.000000,0.000000,0.000000,0.000000,0.000000,0.000000,0.000000,0.000000,0.000000,0.000000,0.000000,4.962845,115.799636,0.000000,0.000000,4514.999506,0.000000,0.000000
0.000000,5.000000,5127.194657,160.522806,0.000000,0.000000,0.000000,0.000000,0.000000,0.000000,0.000000,0.000000,0.000000,0.000000,0.000000,0.000000,0.000000,0.000000,0.000000,5.932245,8.027991,0.000000,0.000000,5127.194657,0.000000,0.000000
17.233860,1.000000,5717.274816,1.006171,0.000000,0.000000,0.000000,1.000000,0.000000,0.000000,0.000000,0.000000,0.000000,0.000000,0.000000,0.000000,0.000000,0.000000,0.000000,5.620401,0.782663,0.000000,0.000000,5717.274816,0.000000,0.000000
18.917589,1.000000,7362.252799,86.882645,0.000000,0.000000,0.000000,1.000000,0.000000,0.000000,0.000000,0.000000,0.000000,0.000000,0.000000,0.000000,0.000000,0.000000,0.000000,4.927254,54.039128,0.000000,0.000000,7362.252799,0.000000,0.000000
16.946013,1.000000,4892.551606,77.121891,0.000000,0.000000,0.000000,1.000000,0.000000,0.000000,0.000000,0.000000,0.000000,0.000000,0.000000,0.000000,0.000000,0.000000,0.000000,4.276666,76.240684,0.000000,0.000000,4892.551606,0.000000,0.000000
15.058348,1.000000,4434.775936,46.059768,0.000000,0.000000,0.000000,0.000000,0.000000,0.000000,0.000000,0.000000,0.000000,0.000000,0.000000,0.000000,0.000000,0.000000,0.000000,6.068426,7.012027,0.000000,0.000000,4434.775936,0.000000,0.000000
18.264569,1.000000,6252.995464,59.084986,0.000000,0.000000,0.000000,1.000000,0.000000,0.000000,0.000000,0.000000,0.000000,0.000000,0.000000,0.000000,0.000000,0.000000,0.000000,5.135798,22.959668,0.000000,0.000000,6252.995464,0.000000,0.000000
16.131105,2.000000,2540.095786,0.495102,0.000000,0.000000,0.000000,1.000000,0.000000,0.000000,0.000000,0.000000,0.000000,0.000000,0.000000,0.000000,0.000000,0.000000,0.000000,6.599870,0.749156,0.000000,0.000000,2540.095786,0.000000,0.000000
16.615042,1.000000,5079.046580,4282.366050,0.000000,0.000000,0.000000,1.000000,0.000000,0.000000,0.000000,0.000000,0.000000,0.000000,0.000000,0.000000,0.000000,0.000000,0.000000,2.484907,171.692251,0.000000,0.000000,5079.046580,0.000000,0.000000
8.136518,1.000000,3153.555926,1398.034231,0.000000,1.000000,0.000000,0.000000,0.000000,0.000000,0.000000,0.000000,0.000000,0.000000,0.000000,0.000000,0.000000,0.000000,0.000000,1.609438,0.368822,0.000000,0.000000,3153.555926,0.000000,1.000000
16.364323,1.000000,6470.807354,1930.671412,0.000000,0.000000,0.000000,1.000000,0.000000,0.000000,0.000000,0.000000,0.000000,0.000000,0.000000,0.000000,0.000000,0.000000,0.000000,2.890372,365.000000,0.000000,0.000000,6470.807354,0.000000,0.000000
18.761889,1.000000,5795.682540,179.381294,0.000000,0.000000,0.000000,1.000000,0.000000,0.000000,0.000000,0.000000,0.000000,0.000000,0.000000,0.000000,0.000000,0.000000,0.000000,3.988984,39.216872,0.000000,0.000000,5795.682540,0.000000,0.000000
0.000000,1.000000,4678.728340,30.901048,0.000000,0.000000,0.000000,0.000000,0.000000,0.000000,0.000000,0.000000,0.000000,0.000000,0.000000,0.000000,0.000000,0.000000,0.000000,5.913503,25.851389,0.000000,0.000000,4678.728340,0.000000,0.000000
4.762174,1.000000,780.391476,780.357886,0.000000,1.000000,0.000000,0.000000,0.000000,0.000000,0.000000,0.000000,0.000000,0.000000,0.000000,0.000000,0.000000,0.000000,0.000000,0.693147,30.000000,0.000000,0.000000,780.391476,0.000000,1.000000
0.000000,1.000000,966.340470,966.340470,0.000000,1.000000,0.000000,1.000000,0.000000,0.000000,0.000000,0.000000,0.000000,0.000000,0.000000,0.000000,0.000000,0.000000,0.000000,0.693147,30.000000,0.000000,0.000000,966.340470,0.000000,1.000000
0.000000,4.000000,5340.285366,3.104391,0.000000,0.000000,0.000000,0.000000,0.000000,0.000000,0.000000,0.000000,0.000000,0.000000,0.000000,0.000000,0.000000,0.000000,0.000000,5.342334,29.363609,0.000000,0.000000,5340.285366,0.000000,0.000000
18.017932,1.000000,4855.403210,138.689253,0.000000,0.000000,0.000000,1.000000,0.000000,0.000000,0.000000,0.000000,0.000000,0.000000,0.000000,0.000000,0.000000,0.000000,0.000000,4.919981,73.085181,0.000000,0.000000,4855.403210,0.000000,0.000000
0.000000,1.000000,4133.982817,0.887633,0.000000,0.000000,0.000000,1.000000,0.000000,0.000000,0.000000,0.000000,0.000000,0.000000,0.000000,0.000000,0.000000,0.000000,0.000000,7.595890,1.774716,0.000000,0.000000,4133.982817,0.000000,0.000000
0.000000,1.000000,2825.172764,1.966002,0.000000,0.000000,0.000000,1.000000,0.000000,0.000000,0.000000,0.000000,0.000000,0.000000,0.000000,0.000000,0.000000,0.000000,0.000000,6.572283,1.801456,0.000000,0.000000,2825.172764,0.000000,0.000000
18.903372,1.000000,2888.774047,127.623783,0.000000,0.000000,0.000000,0.000000,0.000000,0.000000,0.000000,0.000000,0.000000,0.000000,0.000000,0.000000,0.000000,0.000000,0.000000,4.890349,16.005154,0.000000,0.000000,2888.774047,0.000000,0.000000
0.000000,1.000000,3481.184587,28.389279,0.000000,0.000000,0.000000,1.000000,0.000000,0.000000,0.000000,0.000000,0.000000,0.000000,0.000000,0.000000,0.000000,0.000000,0.000000,4.127134,145.534730,0.000000,0.000000,3481.184587,0.000000,0.000000
0.000000,1.000000,295.594874,295.594849,0.000000,1.000000,0.000000,0.000000,0.000000,0.000000,0.000000,0.000000,0.000000,0.000000,0.000000,0.000000,0.000000,0.000000,0.000000,0.693147,30.000000,0.000000,0.000000,295.594874,0.000000,1.000000
0.000000,11.000000,3343.680871,45.097898,0.000000,0.000000,0.000000,0.000000,0.000000,0.000000,0.000000,0.000000,0.000000,0.000000,0.000000,0.000000,0.000000,0.000000,0.000000,5.220356,13.466507,0.000000,0.000000,3343.680871,0.000000,0.000000
17.817780,8.000000,4313.101190,148.150305,0.000000,0.000000,0.000000,0.000000,0.000000,0.000000,0.000000,0.000000,0.000000,0.000000,0.000000,0.000000,0.000000,0.000000,0.000000,4.158883,27.517113,0.000000,0.000000,4313.101190,0.000000,0.000000
17.475405,1.000000,4512.901536,772.280740,0.000000,0.000000,0.000000,1.000000,0.000000,0.000000,0.000000,0.000000,0.000000,0.000000,0.000000,0.000000,0.000000,0.000000,0.000000,3.610918,97.686843,0.000000,0.000000,4512.901536,0.000000,0.000000
0.000000,1.000000,3023.592458,29.918279,0.000000,0.000000,0.000000,1.000000,0.014648,0.000000,1.000000,0.000000,0.000000,0.000000,0.000000,0.000000,0.000000,0.000000,0.000000,6.167516,22.195736,0.000000,0.000000,3023.592458,0.000000,0.000000
19.715173,2.000000,5246.097037,1.154203,0.000000,0.000000,0.000000,0.000000,0.000000,0.000000,0.000000,0.000000,0.000000,0.000000,0.000000,0.000000,0.000000,0.000000,0.000000,7.917901,0.749043,0.000000,0.000000,5246.097037,0.000000,0.000000
0.000000,4.000000,5556.451683,3.832542,0.000000,0.000000,0.000000,0.000000,0.000000,0.000000,0.000000,0.000000,0.000000,0.000000,0.000000,0.000000,0.000000,0.000000,0.000000,6.888572,5.522165,0.000000,0.000000,5556.451683,0.000000,0.000000
17.037979,1.000000,6061.880366,75.810105,0.000000,0.000000,0.000000,1.000000,0.000000,0.000000,0.000000,0.000000,0.000000,0.000000,0.000000,0.000000,0.000000,0.000000,0.000000,4.077537,146.264571,0.000000,0.000000,6061.880366,0.000000,0.000000
0.000000,5.000000,4327.175079,107.370576,0.000000,0.000000,0.000000,0.000000,0.000000,0.000000,0.000000,0.000000,0.000000,0.000000,0.000000,0.000000,0.000000,0.000000,0.000000,4.077537,365.000000,0.000000,0.000000,4327.175079,0.000000,0.000000
8.248267,1.000000,7178.968802,3669.590906,0.000000,0.000000,0.000000,1.000000,0.000000,0.000000,0.000000,0.000000,0.000000,0.000000,0.000000,0.000000,0.000000,0.000000,0.000000,2.079442,365.000000,0.000000,0.000000,7178.968802,0.000000,0.000000
0.000000,2.000000,3208.999448,183.410553,0.000000,0.000000,0.000000,0.000000,0.000000,0.000000,0.000000,0.000000,0.000000,0.000000,0.000000,0.000000,0.000000,0.000000,0.000000,5.023881,39.434090,0.000000,0.000000,3208.999448,0.000000,0.000000
17.822667,1.000000,6245.152056,260.056015,0.000000,0.000000,0.000000,1.000000,0.000000,0.000000,0.000000,0.000000,0.000000,0.000000,0.000000,0.000000,0.000000,0.000000,0.000000,3.761200,133.190397,0.000000,0.000000,6245.152056,0.000000,0.000000
14.029893,1.000000,3200.147385,4.363876,0.000000,0.000000,0.000000,1.000000,0.000000,0.000000,0.000000,0.000000,0.000000,0.000000,0.000000,0.000000,0.000000,0.000000,0.000000,4.276666,123.314706,0.000000,0.000000,3200.147385,0.000000,0.000000
0.000000,6.000000,5265.533856,670.268879,0.000000,0.000000,0.000000,0.000000,0.000000,0.000000,0.000000,0.000000,0.000000,0.000000,0.000000,0.000000,0.000000,0.000000,0.000000,4.454347,51.726004,0.000000,0.000000,5265.533856,0.000000,0.000000
0.000000,2.000000,3997.441062,8.259685,0.000000,0.000000,0.000000,0.000000,0.000000,0.000000,0.000000,0.000000,0.000000,0.000000,0.000000,0.000000,0.000000,0.000000,0.000000,5.509388,13.237529,0.000000,0.000000,3997.441062,0.000000,0.000000
0.000000,2.000000,5440.295000,1351.557120,0.000000,0.000000,0.000000,0.000000,0.000000,0.000000,0.000000,0.000000,0.000000,0.000000,0.000000,0.000000,0.000000,0.000000,0.000000,1.791759,365.000000,0.000000,0.000000,5440.295000,0.000000,0.000000
0.000000,1.000000,4953.527913,6.283526,0.000000,0.000000,0.000000,0.000000,0.000000,0.000000,0.000000,0.000000,0.000000,0.000000,0.000000,0.000000,0.000000,0.000000,0.000000,2.079442,262.153422,0.000000,0.000000,4953.527913,0.000000,0.000000
20.040390,1.000000,5580.962278,90.941194,0.000000,0.000000,0.000000,1.000000,0.000000,0.000000,0.000000,0.000000,0.000000,0.000000,0.000000,0.000000,0.000000,0.000000,0.000000,5.247024,42.913672,0.000000,0.000000,5580.962278,0.000000,0.000000
0.000000,1.000000,537.864597,537.864597,0.000000,1.000000,0.000000,0.000000,0.000000,0.000000,0.000000,0.000000,0.000000,0.000000,0.000000,0.000000,0.000000,0.000000,0.000000,0.693147,30.000000,0.000000,0.000000,537.864597,0.000000,1.000000
19.085903,3.000000,2392.139878,16.264612,0.000000,0.000000,0.000000,1.000000,0.000000,0.000000,0.000000,0.000000,0.000000,0.000000,0.000000,0.000000,0.000000,0.000000,0.000000,3.737670,60.003184,0.000000,0.000000,2392.139878,0.000000,0.000000
0.000000,1.000000,2665.902893,25.242999,0.000000,0.000000,0.000000,1.000000,0.069336,0.000000,1.000000,0.000000,0.000000,0.000000,0.000000,0.000000,0.000000,0.000000,0.000000,5.762051,11.443576,0.000000,0.000000,2665.902893,0.000000,0.000000
18.721360,1.000000,4043.883544,52.194261,0.000000,0.000000,0.000000,1.000000,0.000000,0.000000,0.000000,0.000000,0.000000,0.000000,0.000000,0.000000,0.000000,0.000000,0.000000,4.077537,56.509966,0.000000,0.000000,4043.883544,0.000000,0.000000
0.000000,1.000000,5461.003742,1976.045357,0.000000,0.000000,0.000000,1.000000,0.000000,0.000000,0.000000,0.000000,0.000000,0.000000,0.000000,0.000000,0.000000,0.000000,0.000000,2.890372,353.899521,0.000000,0.000000,5461.003742,0.000000,0.000000
0.000000,4.000000,3744.661755,332.379702,0.000000,0.000000,0.000000,0.000000,0.000000,0.000000,0.000000,0.000000,0.000000,0.000000,0.000000,0.000000,0.000000,0.000000,0.000000,4.143135,156.458438,0.000000,0.000000,3744.661755,0.000000,0.000000
16.168246,1.000000,4771.747667,11.103350,0.000000,0.000000,0.000000,1.000000,0.000000,0.000000,0.000000,0.000000,0.000000,0.000000,0.000000,0.000000,0.000000,0.000000,0.000000,6.037871,19.214726,0.000000,0.000000,4771.747667,0.000000,0.000000
0.000000,6.000000,3669.186431,162.250023,0.000000,0.000000,0.000000,0.000000,0.000000,0.000000,0.000000,0.000000,0.000000,0.000000,0.000000,0.000000,0.000000,0.000000,0.000000,5.541264,86.442228,0.000000,0.000000,3669.186431,0.000000,0.000000
0.000000,3.000000,5364.842977,1022.266662,0.000000,0.000000,0.000000,0.000000,0.000000,0.000000,0.000000,0.000000,0.000000,0.000000,0.000000,0.000000,0.000000,0.000000,2.000000,1.609438,365.000000,0.000000,0.000000,5364.842977,0.000000,0.000000
0.000000,2.000000,5212.788030,175.111684,0.000000,0.000000,0.000000,0.000000,0.000000,0.000000,0.000000,0.000000,0.000000,0.000000,0.000000,0.000000,0.000000,0.000000,0.000000,4.356709,103.333666,0.000000,0.000000,5212.788030,0.000000,0.000000
0.000000,6.000000,5001.914808,60.441908,0.000000,0.000000,0.000000,0.000000,0.000000,0.000000,0.000000,0.000000,0.000000,0.000000,0.000000,0.000000,0.000000,0.000000,0.000000,4.356709,45.603977,0.000000,0.000000,5001.914808,0.000000,0.000000
0.000000,1.000000,3153.545797,1426.136069,0.000000,1.000000,0.000000,0.000000,0.000000,0.000000,0.000000,0.000000,0.000000,0.000000,0.000000,0.000000,0.000000,0.000000,0.000000,1.386294,0.553188,0.000000,0.000000,3153.545797,0.000000,1.000000
0.000000,5.000000,3200.232547,160.523012,0.000000,0.000000,0.000000,0.000000,0.000000,0.000000,0.000000,0.000000,0.000000,0.000000,0.000000,0.000000,0.000000,0.000000,0.000000,5.598422,8.027993,0.000000,0.000000,3200.232547,0.000000,0.000000
0.000000,3.000000,3490.496628,15.976141,0.000000,0.000000,0.000000,0.000000,0.000000,0.000000,0.000000,0.000000,0.000000,0.000000,0.000000,0.000000,0.000000,0.000000,0.000000,5.961005,3.196043,0.000000,0.000000,3490.496628,0.000000,0.000000
5.686975,1.000000,2677.955018,2677.955018,0.000000,1.000000,0.000000,1.000000,0.000000,0.000000,0.000000,0.000000,0.000000,0.000000,0.000000,0.000000,0.000000,0.000000,0.000000,0.693147,30.000000,0.000000,0.000000,2677.955018,0.000000,1.000000
0.000000,1.000000,1983.149797,1406.815567,0.000000,1.000000,0.000000,0.000000,0.000000,0.000000,0.000000,0.000000,0.000000,0.000000,0.000000,0.000000,0.000000,0.000000,0.000000,0.693147,30.000000,0.000000,0.000000,1983.149797,0.000000,1.000000
19.471894,1.000000,5078.161093,260.887537,0.000000,0.000000,0.000000,1.000000,0.000000,0.000000,0.000000,0.000000,0.000000,0.000000,0.000000,0.000000,0.000000,0.000000,0.000000,3.970292,309.258429,0.000000,0.000000,5078.161093,0.000000,0.000000
0.000000,1.000000,5210.954694,25.170374,0.000000,0.000000,0.000000,1.000000,0.000000,0.000000,0.000000,0.000000,0.000000,0.000000,0.000000,0.000000,0.000000,0.000000,0.000000,4.969813,7.944169,0.000000,0.000000,5210.954694,0.000000,0.000000
0.000000,4.000000,4207.873308,8.187711,0.000000,0.000000,0.000000,0.000000,0.000000,0.000000,0.000000,0.000000,0.000000,0.000000,0.000000,0.000000,0.000000,0.000000,0.000000,4.867534,8.262885,0.000000,0.000000,4207.873308,0.000000,0.000000
0.000000,1.000000,5542.913591,16.110848,0.000000,0.000000,0.000000,0.000000,0.000000,0.000000,0.000000,0.000000,0.000000,0.000000,0.000000,0.000000,0.000000,0.000000,0.000000,5.129899,2.260164,0.000000,0.000000,5542.913591,0.000000,0.000000
0.000000,1.000000,5448.813146,1001.939557,0.000000,0.000000,0.000000,0.000000,0.000000,0.000000,0.000000,0.000000,0.000000,0.000000,0.000000,0.000000,0.000000,0.000000,0.000000,2.079442,365.000000,0.000000,0.000000,5448.813146,0.000000,0.000000
0.000000,4.000000,5555.960502,3.434727,0.000000,0.000000,0.000000,0.000000,0.000000,0.000000,0.000000,0.000000,0.000000,0.000000,0.000000,0.000000,0.000000,0.000000,0.000000,5.375278,86.164257,0.000000,0.000000,5555.960502,0.000000,0.000000
17.709999,1.000000,5686.187577,260.024030,0.000000,0.000000,0.000000,1.000000,0.000000,0.000000,0.000000,0.000000,0.000000,0.000000,0.000000,0.000000,0.000000,0.000000,0.000000,4.553877,92.478209,0.000000,0.000000,5686.187577,0.000000,0.000000
0.000000,5.000000,3949.899676,13.522267,0.000000,0.000000,0.000000,0.000000,0.000000,0.000000,0.000000,0.000000,0.000000,0.000000,0.000000,0.000000,0.000000,0.000000,1.000000,6.834109,5.742879,0.000000,0.000000,3949.899676,0.000000,0.000000
0.000000,1.000000,5063.773621,101.859765,0.000000,0.000000,0.000000,0.000000,0.000000,0.000000,0.000000,0.000000,0.000000,0.000000,0.000000,0.000000,0.000000,0.000000,0.000000,4.700480,109.739208,0.000000,0.000000,5063.773621,0.000000,0.000000
0.000000,1.000000,5556.890272,2.845388,0.000000,0.000000,0.000000,0.000000,0.000000,0.000000,0.000000,0.000000,0.000000,0.000000,0.000000,0.000000,0.000000,0.000000,0.000000,5.509388,12.218490,0.000000,0.000000,5556.890272,0.000000,0.000000
18.844649,1.000000,5370.716961,689.943014,0.000000,0.000000,0.000000,1.000000,0.000000,0.000000,0.000000,0.000000,0.000000,0.000000,0.000000,0.000000,0.000000,0.000000,0.000000,3.332205,266.065717,0.000000,0.000000,5370.716961,0.000000,0.000000
18.537010,1.000000,6523.929386,314.084153,0.000000,0.000000,0.000000,1.000000,0.000000,0.000000,0.000000,0.000000,0.000000,0.000000,0.000000,0.000000,0.000000,0.000000,0.000000,4.219508,64.761514,0.000000,0.000000,6523.929386,0.000000,0.000000
10.379566,1.000000,1650.298612,14.079223,0.000000,1.000000,0.000000,1.000000,0.000000,0.000000,0.000000,0.000000,0.000000,0.000000,0.000000,0.000000,0.000000,0.000000,0.000000,3.713572,104.745795,0.000000,0.000000,1650.298612,0.000000,1.000000
20.223473,1.000000,4331.362514,111.972568,0.000000,0.000000,0.000000,1.000000,0.000000,0.000000,0.000000,0.000000,0.000000,0.000000,0.000000,0.000000,0.000000,0.000000,0.000000,4.094345,47.233448,0.000000,0.000000,4331.362514,0.000000,0.000000
19.119833,1.000000,5204.550339,53.240910,0.000000,0.000000,0.000000,0.000000,0.000000,0.000000,0.000000,0.000000,0.000000,0.000000,0.000000,0.000000,0.000000,0.000000,0.000000,4.709530,30.541963,0.000000,0.000000,5204.550339,0.000000,0.000000
0.000000,1.000000,5348.467652,9.023196,0.000000,0.000000,0.000000,0.000000,0.000000,0.000000,0.000000,0.000000,0.000000,0.000000,0.000000,0.000000,0.000000,0.000000,0.000000,4.969813,0.273650,0.000000,0.000000,5348.467652,0.000000,0.000000
19.562693,1.000000,5702.056326,12.826524,0.000000,0.000000,0.000000,1.000000,0.000000,0.000000,0.000000,0.000000,0.000000,0.000000,0.000000,0.000000,0.000000,0.000000,0.000000,4.653960,29.320177,0.000000,0.000000,5702.056326,0.000000,0.000000
18.900312,1.000000,4683.630244,163.011884,0.000000,0.000000,0.000000,1.000000,0.000000,0.000000,0.000000,0.000000,0.000000,0.000000,0.000000,0.000000,0.000000,0.000000,0.000000,3.367296,127.412666,0.000000,0.000000,4683.630244,0.000000,0.000000
16.874425,1.000000,3365.038898,1.113774,0.000000,0.000000,0.000000,0.000000,0.000000,0.000000,0.000000,0.000000,0.000000,0.000000,0.000000,0.000000,0.000000,0.000000,0.000000,4.934474,51.259580,0.000000,0.000000,3365.038898,0.000000,0.000000
19.588304,5.000000,5547.019287,3.985208,0.000000,0.000000,0.000000,0.000000,0.000000,0.000000,0.000000,0.000000,0.000000,0.000000,0.000000,0.000000,0.000000,0.000000,3.000000,5.662960,61.321061,0.000000,0.000000,5547.019287,0.000000,0.000000
17.866356,1.000000,5552.964029,3.157926,0.000000,0.000000,0.000000,1.000000,0.000000,0.000000,0.000000,0.000000,0.000000,0.000000,0.000000,0.000000,0.000000,0.000000,0.000000,6.146329,2.195607,0.000000,0.000000,5552.964029,0.000000,0.000000
0.000000,4.000000,5207.398603,60.984699,0.000000,0.000000,0.000000,0.000000,0.000000,0.000000,0.000000,0.000000,0.000000,0.000000,0.000000,0.000000,0.000000,0.000000,0.000000,5.159055,137.788665,0.000000,0.000000,5207.398603,0.000000,0.000000
0.000000,2.000000,4192.880637,544.166364,0.000000,0.000000,0.000000,0.000000,0.000000,0.000000,0.000000,0.000000,0.000000,0.000000,0.000000,0.000000,0.000000,0.000000,0.000000,5.641907,1.679222,0.000000,0.000000,4192.880637,0.000000,0.000000
18.537342,1.000000,3489.578420,3.100338,0.000000,0.000000,0.000000,1.000000,0.000000,0.000000,0.000000,0.000000,0.000000,0.000000,0.000000,0.000000,0.000000,0.000000,0.000000,5.365976,11.823471,0.000000,0.000000,3489.578420,0.000000,0.000000
15.403604,1.000000,5833.332888,140.763187,0.000000,0.000000,0.000000,1.000000,0.000000,0.000000,0.000000,0.000000,0.000000,0.000000,0.000000,0.000000,0.000000,0.000000,0.000000,4.394449,258.015263,0.000000,0.000000,5833.332888,0.000000,0.000000
0.000000,4.000000,3066.434003,4.096714,0.000000,0.000000,0.000000,0.000000,0.000000,0.000000,0.000000,0.000000,0.000000,0.000000,0.000000,0.000000,0.000000,0.000000,0.000000,4.941642,13.526126,0.000000,0.000000,3066.434003,0.000000,0.000000
12.176051,1.000000,2122.611079,148.591944,0.000000,0.000000,0.000000,1.000000,0.000000,0.000000,0.000000,0.000000,0.000000,0.000000,0.000000,0.000000,0.000000,0.000000,0.000000,3.871201,71.762711,0.000000,0.000000,2122.611079,0.000000,0.000000
0.000000,1.000000,4924.095895,1137.935632,0.000000,0.000000,0.000000,0.000000,0.000000,0.000000,0.000000,0.000000,0.000000,0.000000,0.000000,0.000000,0.000000,0.000000,0.000000,3.496508,365.000000,0.000000,0.000000,4924.095895,0.000000,0.000000
15.469658,1.000000,2752.689878,25.643931,0.000000,0.000000,0.000000,1.000000,0.000000,0.000000,0.000000,0.000000,0.000000,0.000000,0.000000,0.000000,0.000000,0.000000,0.000000,3.367296,71.125553,0.000000,0.000000,2752.689878,0.000000,0.000000
18.986990,1.000000,1900.447204,1.240911,0.000000,0.000000,0.000000,1.000000,0.000000,0.000000,0.000000,0.000000,0.000000,0.000000,0.000000,0.000000,0.000000,0.000000,0.000000,5.517453,7.051232,0.000000,0.000000,1900.447204,0.000000,0.000000
0.000000,2.000000,4838.010276,7.439470,0.000000,0.000000,0.000000,0.000000,0.000000,0.000000,0.000000,0.000000,0.000000,0.000000,0.000000,0.000000,0.000000,0.000000,0.000000,5.736572,25.302184,0.000000,0.000000,4838.010276,0.000000,0.000000
19.835049,1.000000,2423.237939,173.160446,0.000000,0.000000,0.000000,1.000000,0.000000,0.000000,0.000000,0.000000,0.000000,0.000000,0.000000,0.000000,0.000000,0.000000,0.000000,4.317488,72.763933,0.000000,0.000000,2423.237939,0.000000,0.000000
14.809602,6.000000,3619.859027,1071.836070,0.000000,0.000000,0.000000,0.000000,0.000000,0.000000,0.000000,0.000000,0.000000,0.000000,0.000000,0.000000,0.000000,0.000000,-1.000000,3.761200,100.962224,0.000000,0.000000,3619.859027,0.000000,0.000000
5.998937,1.000000,51.014791,51.014791,0.000000,1.000000,0.000000,1.000000,0.000000,0.000000,0.000000,0.000000,0.000000,0.000000,0.000000,0.000000,0.000000,0.000000,0.000000,0.693147,30.000000,0.000000,0.000000,51.014791,0.000000,1.000000
19.118711,1.000000,2979.446226,150.452487,0.000000,0.000000,0.000000,1.000000,0.000000,0.000000,0.000000,0.000000,0.000000,0.000000,0.000000,0.000000,0.000000,0.000000,0.000000,3.433987,103.679054,0.000000,0.000000,2979.446226,0.000000,0.000000
0.000000,3.000000,2524.262923,34.745456,0.000000,0.000000,0.000000,0.000000,0.000000,0.000000,0.000000,0.000000,0.000000,0.000000,0.000000,0.000000,0.000000,0.000000,0.000000,5.043425,46.270405,0.000000,0.000000,2524.262923,0.000000,0.000000
18.750054,1.000000,2661.055405,33.186894,0.000000,0.000000,0.000000,1.000000,0.000000,0.000000,0.000000,0.000000,0.000000,0.000000,0.000000,0.000000,0.000000,0.000000,0.000000,4.997212,39.977862,0.000000,0.000000,2661.055405,0.000000,0.000000
0.000000,2.000000,4126.818890,292.219706,0.000000,0.000000,0.000000,0.000000,0.000000,0.000000,0.000000,0.000000,0.000000,0.000000,0.000000,0.000000,0.000000,0.000000,0.000000,3.828641,197.020913,0.000000,0.000000,4126.818890,0.000000,0.000000
10.115611,1.000000,2429.488989,2428.991996,0.000000,1.000000,0.000000,1.000000,0.000000,0.000000,0.000000,0.000000,0.000000,0.000000,0.000000,0.000000,0.000000,0.000000,0.000000,1.098612,0.496993,0.000000,0.000000,2429.488989,0.000000,1.000000
15.929552,1.000000,5543.226632,417.222203,0.000000,0.000000,0.000000,1.000000,0.000000,0.000000,0.000000,0.000000,0.000000,0.000000,0.000000,0.000000,0.000000,0.000000,0.000000,4.418841,57.746707,0.000000,0.000000,5543.226632,0.000000,0.000000
0.000000,2.000000,4159.531409,1099.625722,0.000000,0.000000,0.000000,0.000000,0.000000,0.000000,0.000000,0.000000,0.000000,0.000000,0.000000,0.000000,0.000000,0.000000,0.000000,3.218876,187.052739,0.000000,0.000000,4159.531409,0.000000,0.000000
17.205457,1.000000,5378.411168,199.341106,0.000000,0.000000,0.000000,1.000000,0.000000,0.000000,0.000000,0.000000,0.000000,0.000000,0.000000,0.000000,0.000000,0.000000,0.000000,3.688879,239.164548,0.000000,0.000000,5378.411168,0.000000,0.000000
0.000000,1.000000,5311.610741,1215.394203,0.000000,1.000000,0.000000,0.000000,0.000000,0.000000,0.000000,0.000000,0.000000,0.000000,0.000000,0.000000,0.000000,0.000000,0.000000,4.442651,208.075808,0.000000,0.000000,5311.610741,0.000000,1.000000
0.000000,1.000000,5263.889630,421.747334,0.000000,0.000000,0.000000,0.000000,0.000000,0.000000,0.000000,0.000000,0.000000,0.000000,0.000000,0.000000,0.000000,0.000000,0.000000,3.526361,178.009188,0.000000,0.000000,5263.889630,0.000000,0.000000
0.000000,1.000000,3419.350449,28.142104,0.000000,0.000000,0.000000,0.000000,0.000000,0.000000,0.000000,0.000000,0.000000,0.000000,0.000000,0.000000,0.000000,0.000000,0.000000,5.966147,14.993418,0.000000,0.000000,3419.350449,0.000000,0.000000
0.000000,2.000000,967.996976,249.964202,0.000000,1.000000,0.000000,0.000000,0.000000,0.000000,0.000000,0.000000,0.000000,0.000000,0.000000,0.000000,0.000000,0.000000,-1.000000,2.772589,174.939516,0.000000,0.000000,967.996976,0.000000,1.000000
0.000000,1.000000,3419.350450,28.142105,0.000000,0.000000,0.000000,0.000000,0.000000,0.000000,0.000000,0.000000,0.000000,0.000000,0.000000,0.000000,0.000000,0.000000,0.000000,5.966147,14.993418,0.000000,0.000000,3419.350450,0.000000,0.000000
0.000000,1.000000,3135.626547,166.430807,0.000000,0.000000,0.000000,0.000000,0.000000,0.000000,0.000000,0.000000,0.000000,0.000000,0.000000,0.000000,0.000000,0.000000,0.000000,4.736198,47.627165,0.000000,0.000000,3135.626547,0.000000,0.000000
0.000000,2.000000,3600.654689,2.073240,0.000000,0.000000,0.000000,0.000000,0.000000,0.000000,0.000000,0.000000,0.000000,0.000000,0.000000,0.000000,0.000000,0.000000,0.000000,6.928538,1.981667,0.000000,0.000000,3600.654689,0.000000,0.000000
0.000000,7.000000,5108.962685,4.150253,0.000000,0.000000,0.000000,0.000000,0.000000,0.000000,0.000000,0.000000,0.000000,0.000000,0.000000,0.000000,0.000000,0.000000,0.000000,6.768493,7.010344,0.000000,0.000000,5108.962685,0.000000,0.000000
5.983936,1.000000,4378.620421,4378.620421,0.000000,1.000000,0.000000,1.000000,0.000000,0.000000,0.000000,0.000000,0.000000,0.000000,0.000000,0.000000,0.000000,0.000000,0.000000,0.693147,30.000000,0.000000,0.000000,4378.620421,0.000000,1.000000
0.000000,1.000000,2666.508047,1399.372064,0.000000,1.000000,0.000000,0.000000,0.000000,0.000000,0.000000,0.000000,0.000000,0.000000,0.000000,0.000000,0.000000,0.000000,0.000000,0.693147,30.000000,0.000000,0.000000,2666.508047,0.000000,1.000000
15.533566,3.000000,3795.878801,1258.169619,0.000000,0.000000,0.000000,0.000000,0.000000,0.000000,0.000000,0.000000,0.000000,0.000000,0.000000,0.000000,0.000000,0.000000,0.000000,3.583519,227.530334,0.000000,0.000000,3795.878801,0.000000,0.000000
17.918803,1.000000,1122.574463,10.613598,0.000000,0.000000,0.000000,1.000000,0.000000,0.000000,0.000000,0.000000,0.000000,0.000000,0.000000,0.000000,0.000000,0.000000,0.000000,5.068904,1.853503,0.000000,0.000000,1122.574463,0.000000,0.000000
0.000000,3.000000,5224.929847,4.138967,0.000000,0.000000,0.000000,0.000000,0.000000,0.000000,0.000000,0.000000,0.000000,0.000000,0.000000,0.000000,0.000000,0.000000,0.000000,4.624973,102.986219,0.000000,0.000000,5224.929847,0.000000,0.000000
0.000000,1.000000,3811.863794,88.431571,0.000000,0.000000,0.000000,1.000000,0.000000,0.000000,0.000000,0.000000,0.000000,0.000000,0.000000,0.000000,0.000000,0.000000,0.000000,3.583519,125.948376,0.000000,0.000000,3811.863794,0.000000,0.000000
19.135165,1.000000,5804.233775,16.628699,0.000000,0.000000,0.000000,1.000000,0.000000,0.000000,0.000000,0.000000,0.000000,0.000000,0.000000,0.000000,0.000000,0.000000,0.000000,4.174387,170.599790,0.000000,0.000000,5804.233775,0.000000,0.000000
0.000000,4.000000,2146.625702,8.663558,0.000000,0.000000,0.000000,0.000000,0.000000,0.000000,0.000000,0.000000,0.000000,0.000000,0.000000,0.000000,0.000000,0.000000,0.000000,6.570883,5.981120,0.000000,0.000000,2146.625702,0.000000,0.000000
0.000000,1.000000,4055.795549,35.959691,0.000000,0.000000,0.000000,1.000000,0.000000,0.000000,0.000000,0.000000,0.000000,0.000000,0.000000,0.000000,0.000000,0.000000,0.000000,5.451038,3.597195,0.000000,0.000000,4055.795549,0.000000,0.000000
0.000000,1.000000,3854.832314,7.860752,0.000000,0.000000,0.000000,1.000000,0.000000,0.000000,0.000000,0.000000,0.000000,0.000000,0.000000,0.000000,0.000000,0.000000,0.000000,4.709530,28.577461,0.000000,0.000000,3854.832314,0.000000,0.000000
20.179869,1.000000,6448.895904,8.816681,0.000000,0.000000,0.000000,1.000000,0.000000,0.000000,0.000000,0.000000,0.000000,0.000000,0.000000,0.000000,0.000000,0.000000,0.000000,5.347108,8.792849,0.000000,0.000000,6448.895904,0.000000,0.000000
16.952702,1.000000,3559.108434,67.057532,0.000000,0.000000,0.000000,1.000000,0.000000,0.000000,0.000000,0.000000,0.000000,0.000000,0.000000,0.000000,0.000000,0.000000,0.000000,3.713572,143.101976,0.000000,0.000000,3559.108434,0.000000,0.000000
0.000000,4.000000,2253.030598,453.474167,0.000000,0.000000,0.000000,0.000000,0.000000,0.000000,0.000000,0.000000,0.000000,0.000000,0.000000,0.000000,0.000000,0.000000,0.000000,3.761200,35.769351,0.000000,0.000000,2253.030598,0.000000,0.000000
19.551083,1.000000,7326.704656,5.185990,0.000000,0.000000,0.000000,1.000000,0.000000,0.000000,0.000000,0.000000,0.000000,0.000000,0.000000,0.000000,0.000000,0.000000,0.000000,5.771441,20.454010,0.000000,0.000000,7326.704656,0.000000,0.000000
0.000000,2.000000,3746.320001,6.110358,0.000000,0.000000,0.000000,0.000000,0.000000,0.000000,0.000000,0.000000,0.000000,0.000000,0.000000,0.000000,0.000000,0.000000,0.000000,5.662960,39.488324,0.000000,0.000000,3746.320001,0.000000,0.000000
0.000000,1.000000,2982.056496,17.954485,0.000000,0.000000,0.000000,0.000000,0.000000,0.000000,0.000000,0.000000,0.000000,0.000000,0.000000,0.000000,0.000000,0.000000,0.000000,5.673323,24.568207,0.000000,0.000000,2982.056496,0.000000,0.000000
0.000000,7.000000,4918.181274,38.222421,0.000000,0.000000,0.000000,0.000000,0.000000,0.000000,0.000000,0.000000,0.000000,0.000000,0.000000,0.000000,0.000000,0.000000,0.000000,5.407172,123.984305,0.000000,0.000000,4918.181274,0.000000,0.000000
18.216735,1.000000,6480.468199,68.299255,0.000000,0.000000,0.000000,1.000000,0.000000,0.000000,0.000000,0.000000,0.000000,0.000000,0.000000,0.000000,0.000000,0.000000,0.000000,3.044522,68.248942,0.000000,0.000000,6480.468199,0.000000,0.000000
0.000000,1.000000,4187.879783,989.147304,0.000000,0.000000,0.000000,0.000000,0.000000,0.000000,0.000000,0.000000,0.000000,0.000000,0.000000,0.000000,0.000000,0.000000,0.000000,1.609438,365.000000,0.000000,0.000000,4187.879783,0.000000,0.000000
18.220550,1.000000,5525.591931,491.249906,0.000000,0.000000,0.000000,1.000000,0.000000,0.000000,0.000000,0.000000,0.000000,0.000000,0.000000,0.000000,0.000000,0.000000,0.000000,4.007333,16.669604,0.000000,0.000000,5525.591931,0.000000,0.000000
17.381646,1.000000,4640.367486,3587.255286,0.000000,0.000000,0.000000,1.000000,0.000000,0.000000,0.000000,0.000000,0.000000,0.000000,0.000000,0.000000,0.000000,0.000000,0.000000,2.772589,106.655982,0.000000,0.000000,4640.367486,0.000000,0.000000
18.689568,1.000000,3983.267307,117.165638,0.000000,0.000000,0.000000,1.000000,0.000000,0.000000,0.000000,0.000000,0.000000,0.000000,0.000000,0.000000,0.000000,0.000000,0.000000,4.290459,33.365955,0.000000,0.000000,3983.267307,0.000000,0.000000
0.000000,1.000000,4289.773289,420.116134,0.000000,0.000000,0.000000,0.000000,0.000000,0.000000,0.000000,0.000000,0.000000,0.000000,0.000000,0.000000,0.000000,0.000000,0.000000,5.375278,28.723039,0.000000,0.000000,4289.773289,0.000000,0.000000
0.000000,17.000000,2473.104028,47.379958,0.000000,0.000000,0.000000,0.000000,0.000000,0.000000,0.000000,0.000000,0.000000,0.000000,0.000000,0.000000,0.000000,0.000000,0.000000,4.812184,102.405620,0.000000,0.000000,2473.104028,0.000000,0.000000
17.549997,9.000000,3424.619256,33.177098,0.000000,0.000000,0.000000,0.000000,0.000000,0.000000,0.000000,0.000000,0.000000,0.000000,0.000000,0.000000,0.000000,0.000000,0.000000,4.564348,16.219775,0.000000,0.000000,3424.619256,0.000000,0.000000
0.000000,2.000000,5318.908630,14.534829,0.000000,0.000000,0.000000,0.000000,0.000000,0.000000,0.000000,0.000000,0.000000,0.000000,0.000000,0.000000,0.000000,0.000000,0.000000,4.820282,69.761397,0.000000,0.000000,5318.908630,0.000000,0.000000
0.000000,1.000000,3371.914809,653.369699,0.000000,0.000000,0.000000,1.000000,0.000000,0.000000,0.000000,0.000000,0.000000,0.000000,0.000000,0.000000,0.000000,0.000000,0.000000,4.189655,89.216861,0.000000,0.000000,3371.914809,0.000000,0.000000
0.000000,1.000000,792.807421,792.807398,0.000000,1.000000,0.000000,0.000000,0.000000,0.000000,0.000000,0.000000,0.000000,0.000000,0.000000,0.000000,0.000000,0.000000,0.000000,0.693147,30.000000,0.000000,0.000000,792.807421,0.000000,1.000000
0.000000,1.000000,203.690697,203.690697,0.000000,1.000000,0.000000,1.000000,0.000000,0.000000,0.000000,0.000000,0.000000,0.000000,0.000000,0.000000,0.000000,0.000000,0.000000,0.693147,30.000000,0.000000,0.000000,203.690697,0.000000,1.000000
19.662934,1.000000,5800.752751,1229.729123,0.000000,0.000000,0.000000,1.000000,0.000000,0.000000,0.000000,0.000000,0.000000,0.000000,0.000000,0.000000,0.000000,0.000000,0.000000,3.850148,185.498942,0.000000,0.000000,5800.752751,0.000000,0.000000
0.000000,3.000000,5066.145204,17.916163,0.000000,0.000000,0.000000,0.000000,0.000000,0.000000,0.000000,0.000000,0.000000,0.000000,0.000000,0.000000,0.000000,0.000000,0.000000,4.753590,365.000000,0.000000,0.000000,5066.145204,0.000000,0.000000
18.779112,1.000000,3390.911974,50.792261,0.000000,0.000000,0.000000,1.000000,0.000000,0.000000,0.000000,0.000000,0.000000,0.000000,0.000000,0.000000,0.000000,0.000000,0.000000,4.718499,28.841519,0.000000,0.000000,3390.911974,0.000000,0.000000
0.000000,3.000000,1226.332660,765.489716,0.000000,1.000000,0.000000,0.000000,0.000000,0.000000,0.000000,0.000000,0.000000,0.000000,0.000000,0.000000,0.000000,0.000000,0.000000,3.737670,12.198352,0.000000,0.000000,1226.332660,0.000000,1.000000
19.518135,1.000000,3277.908568,19.415382,0.000000,0.000000,0.000000,1.000000,0.000000,0.000000,0.000000,0.000000,0.000000,0.000000,0.000000,0.000000,0.000000,0.000000,0.000000,4.143135,73.725812,0.000000,0.000000,3277.908568,0.000000,0.000000
0.000000,1.000000,6023.105194,82.627251,0.000000,0.000000,0.000000,1.000000,0.000000,0.000000,0.000000,0.000000,0.000000,0.000000,0.000000,0.000000,0.000000,0.000000,0.000000,4.897840,34.220303,0.000000,0.000000,6023.105194,0.000000,0.000000
18.018329,1.000000,4856.854257,140.096898,0.000000,0.000000,0.000000,1.000000,0.000000,0.000000,0.000000,0.000000,0.000000,0.000000,0.000000,0.000000,0.000000,0.000000,0.000000,4.189655,363.703133,0.000000,0.000000,4856.854257,0.000000,0.000000
20.402015,1.000000,7035.749019,34.872137,0.000000,0.000000,0.000000,1.000000,0.000000,0.000000,0.000000,0.000000,0.000000,0.000000,0.000000,0.000000,0.000000,0.000000,0.000000,4.962845,19.003664,0.000000,0.000000,7035.749019,0.000000,0.000000
16.930103,1.000000,3764.345601,886.429255,0.000000,0.000000,0.000000,1.000000,0.000000,0.000000,0.000000,0.000000,0.000000,0.000000,0.000000,0.000000,0.000000,0.000000,0.000000,3.401197,202.920734,0.000000,0.000000,3764.345601,0.000000,0.000000
0.000000,1.000000,4834.610681,210.393883,0.000000,0.000000,0.000000,1.000000,0.000000,0.000000,0.000000,0.000000,0.000000,0.000000,0.000000,0.000000,0.000000,0.000000,0.000000,4.234107,113.678168,0.000000,0.000000,4834.610681,0.000000,0.000000
0.000000,1.000000,2473.732959,1404.196788,0.000000,1.000000,0.000000,0.000000,0.000000,0.000000,0.000000,0.000000,0.000000,0.000000,0.000000,0.000000,0.000000,0.000000,0.000000,0.693147,30.000000,0.000000,0.000000,2473.732959,0.000000,1.000000
0.000000,4.000000,4060.970025,0.611897,0.000000,0.000000,0.000000,0.000000,0.000000,0.000000,0.000000,0.000000,0.000000,0.000000,0.000000,0.000000,0.000000,0.000000,0.000000,8.590258,0.998757,0.000000,0.000000,4060.970025,0.000000,0.000000
15.819380,2.000000,4551.294777,188.812751,0.000000,0.000000,0.000000,0.000000,0.000000,0.000000,0.000000,0.000000,0.000000,0.000000,0.000000,0.000000,0.000000,0.000000,0.000000,3.988984,161.381877,0.000000,0.000000,4551.294777,0.000000,0.000000
19.675941,1.000000,3994.862328,15.787311,0.000000,0.000000,0.000000,1.000000,0.000000,0.000000,0.000000,0.000000,0.000000,0.000000,0.000000,0.000000,0.000000,0.000000,0.000000,5.594711,34.926367,0.000000,0.000000,3994.862328,0.000000,0.000000
0.000000,1.000000,4707.611592,2.204762,0.000000,0.000000,0.000000,0.000000,0.000000,0.000000,0.000000,0.000000,0.000000,0.000000,0.000000,0.000000,0.000000,0.000000,0.000000,5.541264,1.758768,0.000000,0.000000,4707.611592,0.000000,0.000000
0.000000,1.000000,3188.009132,117.127931,0.000000,0.000000,0.000000,0.000000,0.000000,0.000000,0.000000,0.000000,0.000000,0.000000,0.000000,0.000000,0.000000,0.000000,0.000000,5.370638,198.931139,0.000000,0.000000,3188.009132,0.000000,0.000000
0.000000,1.000000,4281.126432,80.952616,0.000000,0.000000,0.000000,1.000000,0.000000,0.000000,0.000000,0.000000,0.000000,0.000000,0.000000,0.000000,0.000000,0.000000,0.000000,5.308268,68.246392,0.000000,0.000000,4281.126432,0.000000,0.000000
18.594366,1.000000,4499.652297,31.180052,0.000000,0.000000,0.000000,1.000000,0.000000,0.000000,0.000000,0.000000,0.000000,0.000000,0.000000,0.000000,0.000000,0.000000,0.000000,5.288267,11.099039,0.000000,0.000000,4499.652297,0.000000,0.000000
0.000000,2.000000,4045.865428,138.179174,0.000000,0.000000,0.000000,0.000000,0.000000,0.000000,0.000000,0.000000,0.000000,0.000000,0.000000,0.000000,0.000000,0.000000,-1.000000,4.189655,73.474841,0.000000,0.000000,4045.865428,0.000000,0.000000
0.000000,3.000000,1433.226627,0.248964,0.000000,0.000000,0.000000,0.000000,0.000000,0.000000,0.000000,0.000000,0.000000,0.000000,0.000000,0.000000,0.000000,0.000000,0.000000,7.104965,0.997934,0.000000,0.000000,1433.226627,0.000000,0.000000
18.969720,1.000000,5280.835529,87.540746,0.000000,0.000000,0.000000,1.000000,0.000000,0.000000,0.000000,0.000000,0.000000,0.000000,0.000000,0.000000,0.000000,0.000000,0.000000,4.304065,46.844781,0.000000,0.000000,5280.835529,0.000000,0.000000
0.000000,7.000000,5311.090489,60.514806,0.000000,0.000000,0.000000,0.000000,0.000000,0.000000,0.000000,0.000000,0.000000,0.000000,0.000000,0.000000,0.000000,0.000000,0.000000,5.192957,75.090553,0.000000,0.000000,5311.090489,0.000000,0.000000
0.000000,2.000000,3438.324598,25.721660,0.000000,0.000000,0.000000,0.000000,0.000000,0.000000,0.000000,0.000000,0.000000,0.000000,0.000000,0.000000,0.000000,0.000000,0.000000,5.209486,18.452564,0.000000,0.000000,3438.324598,0.000000,0.000000
19.961928,1.000000,4997.522886,44.310090,0.000000,0.000000,0.000000,1.000000,0.000000,0.000000,0.000000,0.000000,0.000000,0.000000,0.000000,0.000000,0.000000,0.000000,0.000000,4.418841,106.378724,0.000000,0.000000,4997.522886,0.000000,0.000000
0.000000,1.000000,2294.136793,1399.506025,0.000000,1.000000,0.000000,0.000000,0.000000,0.000000,0.000000,0.000000,0.000000,0.000000,0.000000,0.000000,0.000000,0.000000,0.000000,0.693147,30.000000,0.000000,0.000000,2294.136793,0.000000,1.000000
17.264561,1.000000,2909.087079,3.903020,0.000000,0.000000,0.000000,1.000000,0.000000,0.000000,0.000000,0.000000,0.000000,0.000000,0.000000,0.000000,0.000000,0.000000,0.000000,5.568345,19.055213,0.000000,0.000000,2909.087079,0.000000,0.000000
16.215741,1.000000,6627.937709,919.766853,0.000000,0.000000,0.000000,1.000000,0.000000,0.000000,0.000000,0.000000,0.000000,0.000000,0.000000,0.000000,0.000000,0.000000,0.000000,4.875197,30.819734,0.000000,0.000000,6627.937709,0.000000,0.000000
0.000000,5.000000,5546.761737,19.229579,0.000000,0.000000,0.000000,0.000000,0.000000,0.000000,0.000000,0.000000,0.000000,0.000000,0.000000,0.000000,0.000000,0.000000,0.000000,5.192957,34.274518,0.000000,0.000000,5546.761737,0.000000,0.000000
21.633108,6.000000,5502.823538,30.113286,0.000000,0.000000,0.000000,0.000000,0.000000,0.000000,0.000000,0.000000,0.000000,0.000000,0.000000,0.000000,0.000000,0.000000,0.000000,4.736198,93.001474,0.000000,0.000000,5502.823538,0.000000,0.000000
0.000000,1.000000,1138.307932,47.516094,0.000000,1.000000,0.000000,0.000000,0.000000,0.000000,0.000000,0.000000,0.000000,0.000000,0.000000,0.000000,0.000000,0.000000,0.000000,3.806662,10.615456,0.000000,0.000000,1138.307932,0.000000,1.000000
0.000000,1.000000,4158.189620,167.254458,0.000000,0.000000,0.000000,0.000000,0.000000,0.000000,0.000000,0.000000,0.000000,0.000000,0.000000,0.000000,0.000000,0.000000,0.000000,4.890349,72.914726,0.000000,0.000000,4158.189620,0.000000,0.000000
0.000000,1.000000,5344.469955,1001.939973,0.000000,0.000000,0.000000,0.000000,0.000000,0.000000,0.000000,0.000000,0.000000,0.000000,0.000000,0.000000,0.000000,0.000000,0.000000,4.219508,147.015556,0.000000,0.000000,5344.469955,0.000000,0.000000
0.000000,2.000000,4629.128371,0.884027,0.000000,0.000000,0.000000,0.000000,0.000000,0.000000,0.000000,0.000000,0.000000,0.000000,0.000000,0.000000,0.000000,0.000000,-4.000000,6.028279,3.593954,0.000000,0.000000,4629.128371,0.000000,0.000000
0.000000,1.000000,2036.591105,1425.639347,0.000000,0.000000,0.000000,0.000000,0.000000,0.000000,0.000000,0.000000,0.000000,0.000000,0.000000,0.000000,0.000000,0.000000,1.000000,1.098612,0.663666,0.000000,0.000000,2036.591105,0.000000,0.000000
0.000000,1.000000,4655.393100,101.477765,0.000000,0.000000,0.000000,0.000000,0.000000,0.000000,0.000000,0.000000,0.000000,0.000000,0.000000,0.000000,0.000000,0.000000,0.000000,5.673323,21.189202,0.000000,0.000000,4655.393100,0.000000,0.000000
0.000000,1.000000,5511.126790,1.535037,0.000000,0.000000,0.000000,0.000000,0.000000,0.000000,0.000000,0.000000,0.000000,0.000000,0.000000,0.000000,0.000000,0.000000,0.000000,5.575949,75.892983,0.000000,0.000000,5511.126790,0.000000,0.000000
0.000000,4.000000,4051.684294,35.953775,0.000000,0.000000,0.000000,0.000000,0.000000,0.000000,0.000000,0.000000,0.000000,0.000000,0.000000,0.000000,0.000000,0.000000,-1.000000,6.109248,25.798509,0.000000,0.000000,4051.684294,0.000000,0.000000
18.162346,1.000000,4251.700733,172.145082,0.000000,0.000000,0.000000,1.000000,0.000000,0.000000,0.000000,0.000000,0.000000,0.000000,0.000000,0.000000,0.000000,0.000000,0.000000,4.204693,135.974051,0.000000,0.000000,4251.700733,0.000000,0.000000
20.293354,13.000000,3229.963591,11.124054,0.000000,0.000000,0.000000,1.000000,0.000000,0.000000,0.000000,0.000000,0.000000,0.000000,0.000000,0.000000,0.000000,0.000000,0.000000,5.283204,22.520133,0.000000,0.000000,3229.963591,0.000000,0.000000
18.574691,1.000000,3075.799868,39.149836,0.000000,0.000000,0.000000,1.000000,0.000000,0.000000,0.000000,0.000000,0.000000,0.000000,0.000000,0.000000,0.000000,0.000000,0.000000,4.465908,26.031995,0.000000,0.000000,3075.799868,0.000000,0.000000
0.000000,1.000000,6158.303483,62.312792,0.000000,0.000000,0.000000,1.000000,0.000000,0.000000,0.000000,0.000000,0.000000,0.000000,0.000000,0.000000,0.000000,0.000000,0.000000,5.411646,15.882412,0.000000,0.000000,6158.303483,0.000000,0.000000
17.617940,1.000000,3339.818505,21.059347,0.000000,0.000000,0.000000,1.000000,0.000000,0.000000,0.000000,0.000000,0.000000,0.000000,0.000000,0.000000,0.000000,0.000000,0.000000,3.784190,91.369284,0.000000,0.000000,3339.818505,0.000000,0.000000
0.000000,3.000000,5082.793006,19.276656,0.000000,0.000000,0.000000,0.000000,0.000000,0.000000,0.000000,0.000000,0.000000,0.000000,0.000000,0.000000,0.000000,0.000000,0.000000,5.043425,169.701066,0.000000,0.000000,5082.793006,0.000000,0.000000
19.617781,3.000000,5116.031333,378.712246,0.000000,0.000000,0.000000,0.000000,0.000000,0.000000,0.000000,0.000000,0.000000,0.000000,0.000000,0.000000,0.000000,0.000000,1.000000,5.117994,138.343012,0.000000,0.000000,5116.031333,0.000000,0.000000
18.686605,4.000000,2112.783974,58.142069,0.000000,0.000000,0.000000,1.000000,0.000000,0.000000,0.000000,0.000000,0.000000,0.000000,0.000000,0.000000,0.000000,0.000000,0.000000,3.433987,162.768258,0.000000,0.000000,2112.783974,0.000000,0.000000
0.000000,1.000000,2190.949375,40.926668,0.000000,0.000000,0.000000,0.000000,0.000000,0.000000,0.000000,0.000000,0.000000,0.000000,0.000000,0.000000,0.000000,0.000000,0.000000,6.758095,0.777319,0.000000,0.000000,2190.949375,0.000000,0.000000
19.706119,1.000000,4516.075894,63.109122,0.000000,0.000000,0.000000,1.000000,0.000000,0.000000,0.000000,0.000000,0.000000,0.000000,0.000000,0.000000,0.000000,0.000000,0.000000,5.726848,39.621439,0.000000,0.000000,4516.075894,0.000000,0.000000
