{
  "means": [
    9.473495400861012,
    3.2159375,
    786.5998230141741,
    107.6924843461221,
    0.418875,
    0.026625,
    0.668252735334765,
    0.4178125,
    1.5797425438660557,
    0.1448125,
    0.188875,
    0.3524375,
    0.007015316992135662,
    1484.767056702087,
    0.18575,
    1.257,
    2.440694166059722,
    4.76182414340321,
    1.155375,
    1.8660102710486755,
    57.40826331930358,
    4.538260454830917,
    2.7612349688685716,
    970.8499612781932,
    0.03435184661159292
  ],
  "stds": [
    4.21451630305329,
    1.7344115705604295,
    824.5095145432173,
    121.23838407145217,
    0.7069609143191736,
    0.21252319726324911,
    0.9464191152821034,
    0.4931989607083115,
    4.216442023228399,
    0.35191169324669636,
    0.3914092926528072,
    0.7706168364328276,
    0.02858507685737024,
    1465.1222937862806,
    0.6708181105934105,
    1.3425539095322014,
    1.0116744055465892,
    1.3660172539593818,
    4.937115413819639,
    1.1974422313653001,
    59.424743089775816,
    3.1188481118511504,
    2.0471650393126586,
    983.2850571184738,
    0.15347448703405037
  ],
  "feature_names": [
    "log_downloads",
    "maintainer_count",
    "age_days",
    "days_since_update",
    "vuln_count",
    "malware_reports",
    "verified_flags",
    "has_install_script",
    "install_script_kb",
    "has_preinstall",
    "has_postinstall",
    "maintainer_change_count",
    "maintainer_velocity",
    "domain_age_days",
    "executable_binary_count",
    "network_code_files",
    "log_total_files",
    "entropy_max_file",
    "dependency_delta",
    "log_version_count",
    "days_between_versions",
    "log_stars",
    "log_forks",
    "namespace_age_days",
    "download_star_anomaly"
  ]
}